[2025-01-08 10:10:13] local.ERROR: Command "ui" is not defined. {"exception":"[object] (Symfony\\Component\\Console\\Exception\\CommandNotFoundException(code: 0): Command \"ui\" is not defined. at E:\\ITTS\\Semester 3\\PAW\\PAWcode\\laravel\\modul6framework\\vendor\\symfony\\console\\Application.php:726)
[stacktrace]
#0 E:\\ITTS\\Semester 3\\PAW\\PAWcode\\laravel\\modul6framework\\vendor\\symfony\\console\\Application.php(284): Symfony\\Component\\Console\\Application->find('ui')
#1 E:\\ITTS\\Semester 3\\PAW\\PAWcode\\laravel\\modul6framework\\vendor\\symfony\\console\\Application.php(193): Symfony\\Component\\Console\\Application->doRun(Object(Symfony\\Component\\Console\\Input\\ArgvInput), Object(Symfony\\Component\\Console\\Output\\ConsoleOutput))
#2 E:\\ITTS\\Semester 3\\PAW\\PAWcode\\laravel\\modul6framework\\vendor\\laravel\\framework\\src\\Illuminate\\Foundation\\Console\\Kernel.php(198): Symfony\\Component\\Console\\Application->run(Object(Symfony\\Component\\Console\\Input\\ArgvInput), Object(Symfony\\Component\\Console\\Output\\ConsoleOutput))
#3 E:\\ITTS\\Semester 3\\PAW\\PAWcode\\laravel\\modul6framework\\vendor\\laravel\\framework\\src\\Illuminate\\Foundation\\Application.php(1205): Illuminate\\Foundation\\Console\\Kernel->handle(Object(Symfony\\Component\\Console\\Input\\ArgvInput), Object(Symfony\\Component\\Console\\Output\\ConsoleOutput))
#4 E:\\ITTS\\Semester 3\\PAW\\PAWcode\\laravel\\modul6framework\\artisan(13): Illuminate\\Foundation\\Application->handleCommand(Object(Symfony\\Component\\Console\\Input\\ArgvInput))
#5 {main}
"} 
[2025-01-08 10:13:16] local.ERROR: Invalid preset. {"exception":"[object] (InvalidArgumentException(code: 0): Invalid preset. at E:\\ITTS\\Semester 3\\PAW\\PAWcode\\laravel\\modul6framework\\vendor\\laravel\\ui\\src\\UiCommand.php:43)
[stacktrace]
#0 E:\\ITTS\\Semester 3\\PAW\\PAWcode\\laravel\\modul6framework\\vendor\\laravel\\framework\\src\\Illuminate\\Container\\BoundMethod.php(36): Laravel\\Ui\\UiCommand->handle()
#1 E:\\ITTS\\Semester 3\\PAW\\PAWcode\\laravel\\modul6framework\\vendor\\laravel\\framework\\src\\Illuminate\\Container\\Util.php(43): Illuminate\\Container\\BoundMethod::Illuminate\\Container\\{closure}()
#2 E:\\ITTS\\Semester 3\\PAW\\PAWcode\\laravel\\modul6framework\\vendor\\laravel\\framework\\src\\Illuminate\\Container\\BoundMethod.php(95): Illuminate\\Container\\Util::unwrapIfClosure(Object(Closure))
#3 E:\\ITTS\\Semester 3\\PAW\\PAWcode\\laravel\\modul6framework\\vendor\\laravel\\framework\\src\\Illuminate\\Container\\BoundMethod.php(35): Illuminate\\Container\\BoundMethod::callBoundMethod(Object(Illuminate\\Foundation\\Application), Array, Object(Closure))
#4 E:\\ITTS\\Semester 3\\PAW\\PAWcode\\laravel\\modul6framework\\vendor\\laravel\\framework\\src\\Illuminate\\Container\\Container.php(694): Illuminate\\Container\\BoundMethod::call(Object(Illuminate\\Foundation\\Application), Array, Array, NULL)
#5 E:\\ITTS\\Semester 3\\PAW\\PAWcode\\laravel\\modul6framework\\vendor\\laravel\\framework\\src\\Illuminate\\Console\\Command.php(213): Illuminate\\Container\\Container->call(Array)
#6 E:\\ITTS\\Semester 3\\PAW\\PAWcode\\laravel\\modul6framework\\vendor\\symfony\\console\\Command\\Command.php(279): Illuminate\\Console\\Command->execute(Object(Symfony\\Component\\Console\\Input\\ArgvInput), Object(Illuminate\\Console\\OutputStyle))
#7 E:\\ITTS\\Semester 3\\PAW\\PAWcode\\laravel\\modul6framework\\vendor\\laravel\\framework\\src\\Illuminate\\Console\\Command.php(182): Symfony\\Component\\Console\\Command\\Command->run(Object(Symfony\\Component\\Console\\Input\\ArgvInput), Object(Illuminate\\Console\\OutputStyle))
#8 E:\\ITTS\\Semester 3\\PAW\\PAWcode\\laravel\\modul6framework\\vendor\\symfony\\console\\Application.php(1094): Illuminate\\Console\\Command->run(Object(Symfony\\Component\\Console\\Input\\ArgvInput), Object(Symfony\\Component\\Console\\Output\\ConsoleOutput))
#9 E:\\ITTS\\Semester 3\\PAW\\PAWcode\\laravel\\modul6framework\\vendor\\symfony\\console\\Application.php(342): Symfony\\Component\\Console\\Application->doRunCommand(Object(Laravel\\Ui\\UiCommand), Object(Symfony\\Component\\Console\\Input\\ArgvInput), Object(Symfony\\Component\\Console\\Output\\ConsoleOutput))
#10 E:\\ITTS\\Semester 3\\PAW\\PAWcode\\laravel\\modul6framework\\vendor\\symfony\\console\\Application.php(193): Symfony\\Component\\Console\\Application->doRun(Object(Symfony\\Component\\Console\\Input\\ArgvInput), Object(Symfony\\Component\\Console\\Output\\ConsoleOutput))
#11 E:\\ITTS\\Semester 3\\PAW\\PAWcode\\laravel\\modul6framework\\vendor\\laravel\\framework\\src\\Illuminate\\Foundation\\Console\\Kernel.php(198): Symfony\\Component\\Console\\Application->run(Object(Symfony\\Component\\Console\\Input\\ArgvInput), Object(Symfony\\Component\\Console\\Output\\ConsoleOutput))
#12 E:\\ITTS\\Semester 3\\PAW\\PAWcode\\laravel\\modul6framework\\vendor\\laravel\\framework\\src\\Illuminate\\Foundation\\Application.php(1205): Illuminate\\Foundation\\Console\\Kernel->handle(Object(Symfony\\Component\\Console\\Input\\ArgvInput), Object(Symfony\\Component\\Console\\Output\\ConsoleOutput))
#13 E:\\ITTS\\Semester 3\\PAW\\PAWcode\\laravel\\modul6framework\\artisan(13): Illuminate\\Foundation\\Application->handleCommand(Object(Symfony\\Component\\Console\\Input\\ArgvInput))
#14 {main}
"} 
[2025-01-08 10:14:00] local.ERROR: Invalid preset. {"exception":"[object] (InvalidArgumentException(code: 0): Invalid preset. at E:\\ITTS\\Semester 3\\PAW\\PAWcode\\laravel\\modul6framework\\vendor\\laravel\\ui\\src\\UiCommand.php:43)
[stacktrace]
#0 E:\\ITTS\\Semester 3\\PAW\\PAWcode\\laravel\\modul6framework\\vendor\\laravel\\framework\\src\\Illuminate\\Container\\BoundMethod.php(36): Laravel\\Ui\\UiCommand->handle()
#1 E:\\ITTS\\Semester 3\\PAW\\PAWcode\\laravel\\modul6framework\\vendor\\laravel\\framework\\src\\Illuminate\\Container\\Util.php(43): Illuminate\\Container\\BoundMethod::Illuminate\\Container\\{closure}()
#2 E:\\ITTS\\Semester 3\\PAW\\PAWcode\\laravel\\modul6framework\\vendor\\laravel\\framework\\src\\Illuminate\\Container\\BoundMethod.php(95): Illuminate\\Container\\Util::unwrapIfClosure(Object(Closure))
#3 E:\\ITTS\\Semester 3\\PAW\\PAWcode\\laravel\\modul6framework\\vendor\\laravel\\framework\\src\\Illuminate\\Container\\BoundMethod.php(35): Illuminate\\Container\\BoundMethod::callBoundMethod(Object(Illuminate\\Foundation\\Application), Array, Object(Closure))
#4 E:\\ITTS\\Semester 3\\PAW\\PAWcode\\laravel\\modul6framework\\vendor\\laravel\\framework\\src\\Illuminate\\Container\\Container.php(694): Illuminate\\Container\\BoundMethod::call(Object(Illuminate\\Foundation\\Application), Array, Array, NULL)
#5 E:\\ITTS\\Semester 3\\PAW\\PAWcode\\laravel\\modul6framework\\vendor\\laravel\\framework\\src\\Illuminate\\Console\\Command.php(213): Illuminate\\Container\\Container->call(Array)
#6 E:\\ITTS\\Semester 3\\PAW\\PAWcode\\laravel\\modul6framework\\vendor\\symfony\\console\\Command\\Command.php(279): Illuminate\\Console\\Command->execute(Object(Symfony\\Component\\Console\\Input\\ArgvInput), Object(Illuminate\\Console\\OutputStyle))
#7 E:\\ITTS\\Semester 3\\PAW\\PAWcode\\laravel\\modul6framework\\vendor\\laravel\\framework\\src\\Illuminate\\Console\\Command.php(182): Symfony\\Component\\Console\\Command\\Command->run(Object(Symfony\\Component\\Console\\Input\\ArgvInput), Object(Illuminate\\Console\\OutputStyle))
#8 E:\\ITTS\\Semester 3\\PAW\\PAWcode\\laravel\\modul6framework\\vendor\\symfony\\console\\Application.php(1094): Illuminate\\Console\\Command->run(Object(Symfony\\Component\\Console\\Input\\ArgvInput), Object(Symfony\\Component\\Console\\Output\\ConsoleOutput))
#9 E:\\ITTS\\Semester 3\\PAW\\PAWcode\\laravel\\modul6framework\\vendor\\symfony\\console\\Application.php(342): Symfony\\Component\\Console\\Application->doRunCommand(Object(Laravel\\Ui\\UiCommand), Object(Symfony\\Component\\Console\\Input\\ArgvInput), Object(Symfony\\Component\\Console\\Output\\ConsoleOutput))
#10 E:\\ITTS\\Semester 3\\PAW\\PAWcode\\laravel\\modul6framework\\vendor\\symfony\\console\\Application.php(193): Symfony\\Component\\Console\\Application->doRun(Object(Symfony\\Component\\Console\\Input\\ArgvInput), Object(Symfony\\Component\\Console\\Output\\ConsoleOutput))
#11 E:\\ITTS\\Semester 3\\PAW\\PAWcode\\laravel\\modul6framework\\vendor\\laravel\\framework\\src\\Illuminate\\Foundation\\Console\\Kernel.php(198): Symfony\\Component\\Console\\Application->run(Object(Symfony\\Component\\Console\\Input\\ArgvInput), Object(Symfony\\Component\\Console\\Output\\ConsoleOutput))
#12 E:\\ITTS\\Semester 3\\PAW\\PAWcode\\laravel\\modul6framework\\vendor\\laravel\\framework\\src\\Illuminate\\Foundation\\Application.php(1205): Illuminate\\Foundation\\Console\\Kernel->handle(Object(Symfony\\Component\\Console\\Input\\ArgvInput), Object(Symfony\\Component\\Console\\Output\\ConsoleOutput))
#13 E:\\ITTS\\Semester 3\\PAW\\PAWcode\\laravel\\modul6framework\\artisan(13): Illuminate\\Foundation\\Application->handleCommand(Object(Symfony\\Component\\Console\\Input\\ArgvInput))
#14 {main}
"} 
[2025-01-08 11:33:51] local.ERROR: SQLSTATE[HY000]: General error: 1 no such table: employees (Connection: sqlite, SQL: select * from "employees") {"exception":"[object] (Illuminate\\Database\\QueryException(code: HY000): SQLSTATE[HY000]: General error: 1 no such table: employees (Connection: sqlite, SQL: select * from \"employees\") at E:\\ITTS\\Semester 3\\PAW\\PAWcode\\laravel\\modul6framework\\vendor\\laravel\\framework\\src\\Illuminate\\Database\\Connection.php:825)
[stacktrace]
#0 E:\\ITTS\\Semester 3\\PAW\\PAWcode\\laravel\\modul6framework\\vendor\\laravel\\framework\\src\\Illuminate\\Database\\Connection.php(779): Illuminate\\Database\\Connection->runQueryCallback('select * from \"...', Array, Object(Closure))
#1 E:\\ITTS\\Semester 3\\PAW\\PAWcode\\laravel\\modul6framework\\vendor\\laravel\\framework\\src\\Illuminate\\Database\\Connection.php(398): Illuminate\\Database\\Connection->run('select * from \"...', Array, Object(Closure))
#2 E:\\ITTS\\Semester 3\\PAW\\PAWcode\\laravel\\modul6framework\\vendor\\laravel\\framework\\src\\Illuminate\\Database\\Query\\Builder.php(3133): Illuminate\\Database\\Connection->select('select * from \"...', Array, true)
#3 E:\\ITTS\\Semester 3\\PAW\\PAWcode\\laravel\\modul6framework\\vendor\\laravel\\framework\\src\\Illuminate\\Database\\Query\\Builder.php(3118): Illuminate\\Database\\Query\\Builder->runSelect()
#4 E:\\ITTS\\Semester 3\\PAW\\PAWcode\\laravel\\modul6framework\\vendor\\laravel\\framework\\src\\Illuminate\\Database\\Query\\Builder.php(3706): Illuminate\\Database\\Query\\Builder->Illuminate\\Database\\Query\\{closure}()
#5 E:\\ITTS\\Semester 3\\PAW\\PAWcode\\laravel\\modul6framework\\vendor\\laravel\\framework\\src\\Illuminate\\Database\\Query\\Builder.php(3117): Illuminate\\Database\\Query\\Builder->onceWithColumns(Array, Object(Closure))
#6 E:\\ITTS\\Semester 3\\PAW\\PAWcode\\laravel\\modul6framework\\vendor\\laravel\\framework\\src\\Illuminate\\Database\\Eloquent\\Builder.php(761): Illuminate\\Database\\Query\\Builder->get(Array)
#7 E:\\ITTS\\Semester 3\\PAW\\PAWcode\\laravel\\modul6framework\\vendor\\laravel\\framework\\src\\Illuminate\\Database\\Eloquent\\Builder.php(743): Illuminate\\Database\\Eloquent\\Builder->getModels(Array)
#8 E:\\ITTS\\Semester 3\\PAW\\PAWcode\\laravel\\modul6framework\\vendor\\laravel\\framework\\src\\Illuminate\\Database\\Eloquent\\Model.php(694): Illuminate\\Database\\Eloquent\\Builder->get(Array)
#9 E:\\ITTS\\Semester 3\\PAW\\PAWcode\\laravel\\modul6framework\\app\\Http\\Controllers\\EmployeeController.php(21): Illuminate\\Database\\Eloquent\\Model::all()
#10 E:\\ITTS\\Semester 3\\PAW\\PAWcode\\laravel\\modul6framework\\vendor\\laravel\\framework\\src\\Illuminate\\Routing\\ControllerDispatcher.php(47): App\\Http\\Controllers\\EmployeeController->index()
#11 E:\\ITTS\\Semester 3\\PAW\\PAWcode\\laravel\\modul6framework\\vendor\\laravel\\framework\\src\\Illuminate\\Routing\\Route.php(266): Illuminate\\Routing\\ControllerDispatcher->dispatch(Object(Illuminate\\Routing\\Route), Object(App\\Http\\Controllers\\EmployeeController), 'index')
#12 E:\\ITTS\\Semester 3\\PAW\\PAWcode\\laravel\\modul6framework\\vendor\\laravel\\framework\\src\\Illuminate\\Routing\\Route.php(212): Illuminate\\Routing\\Route->runController()
#13 E:\\ITTS\\Semester 3\\PAW\\PAWcode\\laravel\\modul6framework\\vendor\\laravel\\framework\\src\\Illuminate\\Routing\\Router.php(808): Illuminate\\Routing\\Route->run()
#14 E:\\ITTS\\Semester 3\\PAW\\PAWcode\\laravel\\modul6framework\\vendor\\laravel\\framework\\src\\Illuminate\\Pipeline\\Pipeline.php(144): Illuminate\\Routing\\Router->Illuminate\\Routing\\{closure}(Object(Illuminate\\Http\\Request))
#15 E:\\ITTS\\Semester 3\\PAW\\PAWcode\\laravel\\modul6framework\\vendor\\laravel\\framework\\src\\Illuminate\\Routing\\Middleware\\SubstituteBindings.php(51): Illuminate\\Pipeline\\Pipeline->Illuminate\\Pipeline\\{closure}(Object(Illuminate\\Http\\Request))
#16 E:\\ITTS\\Semester 3\\PAW\\PAWcode\\laravel\\modul6framework\\vendor\\laravel\\framework\\src\\Illuminate\\Pipeline\\Pipeline.php(183): Illuminate\\Routing\\Middleware\\SubstituteBindings->handle(Object(Illuminate\\Http\\Request), Object(Closure))
#17 E:\\ITTS\\Semester 3\\PAW\\PAWcode\\laravel\\modul6framework\\vendor\\laravel\\framework\\src\\Illuminate\\Foundation\\Http\\Middleware\\VerifyCsrfToken.php(88): Illuminate\\Pipeline\\Pipeline->Illuminate\\Pipeline\\{closure}(Object(Illuminate\\Http\\Request))
#18 E:\\ITTS\\Semester 3\\PAW\\PAWcode\\laravel\\modul6framework\\vendor\\laravel\\framework\\src\\Illuminate\\Pipeline\\Pipeline.php(183): Illuminate\\Foundation\\Http\\Middleware\\VerifyCsrfToken->handle(Object(Illuminate\\Http\\Request), Object(Closure))
#19 E:\\ITTS\\Semester 3\\PAW\\PAWcode\\laravel\\modul6framework\\vendor\\laravel\\framework\\src\\Illuminate\\View\\Middleware\\ShareErrorsFromSession.php(49): Illuminate\\Pipeline\\Pipeline->Illuminate\\Pipeline\\{closure}(Object(Illuminate\\Http\\Request))
#20 E:\\ITTS\\Semester 3\\PAW\\PAWcode\\laravel\\modul6framework\\vendor\\laravel\\framework\\src\\Illuminate\\Pipeline\\Pipeline.php(183): Illuminate\\View\\Middleware\\ShareErrorsFromSession->handle(Object(Illuminate\\Http\\Request), Object(Closure))
#21 E:\\ITTS\\Semester 3\\PAW\\PAWcode\\laravel\\modul6framework\\vendor\\laravel\\framework\\src\\Illuminate\\Session\\Middleware\\StartSession.php(121): Illuminate\\Pipeline\\Pipeline->Illuminate\\Pipeline\\{closure}(Object(Illuminate\\Http\\Request))
#22 E:\\ITTS\\Semester 3\\PAW\\PAWcode\\laravel\\modul6framework\\vendor\\laravel\\framework\\src\\Illuminate\\Session\\Middleware\\StartSession.php(64): Illuminate\\Session\\Middleware\\StartSession->handleStatefulRequest(Object(Illuminate\\Http\\Request), Object(Illuminate\\Session\\Store), Object(Closure))
#23 E:\\ITTS\\Semester 3\\PAW\\PAWcode\\laravel\\modul6framework\\vendor\\laravel\\framework\\src\\Illuminate\\Pipeline\\Pipeline.php(183): Illuminate\\Session\\Middleware\\StartSession->handle(Object(Illuminate\\Http\\Request), Object(Closure))
#24 E:\\ITTS\\Semester 3\\PAW\\PAWcode\\laravel\\modul6framework\\vendor\\laravel\\framework\\src\\Illuminate\\Cookie\\Middleware\\AddQueuedCookiesToResponse.php(37): Illuminate\\Pipeline\\Pipeline->Illuminate\\Pipeline\\{closure}(Object(Illuminate\\Http\\Request))
#25 E:\\ITTS\\Semester 3\\PAW\\PAWcode\\laravel\\modul6framework\\vendor\\laravel\\framework\\src\\Illuminate\\Pipeline\\Pipeline.php(183): Illuminate\\Cookie\\Middleware\\AddQueuedCookiesToResponse->handle(Object(Illuminate\\Http\\Request), Object(Closure))
#26 E:\\ITTS\\Semester 3\\PAW\\PAWcode\\laravel\\modul6framework\\vendor\\laravel\\framework\\src\\Illuminate\\Cookie\\Middleware\\EncryptCookies.php(75): Illuminate\\Pipeline\\Pipeline->Illuminate\\Pipeline\\{closure}(Object(Illuminate\\Http\\Request))
#27 E:\\ITTS\\Semester 3\\PAW\\PAWcode\\laravel\\modul6framework\\vendor\\laravel\\framework\\src\\Illuminate\\Pipeline\\Pipeline.php(183): Illuminate\\Cookie\\Middleware\\EncryptCookies->handle(Object(Illuminate\\Http\\Request), Object(Closure))
#28 E:\\ITTS\\Semester 3\\PAW\\PAWcode\\laravel\\modul6framework\\vendor\\laravel\\framework\\src\\Illuminate\\Pipeline\\Pipeline.php(119): Illuminate\\Pipeline\\Pipeline->Illuminate\\Pipeline\\{closure}(Object(Illuminate\\Http\\Request))
#29 E:\\ITTS\\Semester 3\\PAW\\PAWcode\\laravel\\modul6framework\\vendor\\laravel\\framework\\src\\Illuminate\\Routing\\Router.php(807): Illuminate\\Pipeline\\Pipeline->then(Object(Closure))
#30 E:\\ITTS\\Semester 3\\PAW\\PAWcode\\laravel\\modul6framework\\vendor\\laravel\\framework\\src\\Illuminate\\Routing\\Router.php(786): Illuminate\\Routing\\Router->runRouteWithinStack(Object(Illuminate\\Routing\\Route), Object(Illuminate\\Http\\Request))
#31 E:\\ITTS\\Semester 3\\PAW\\PAWcode\\laravel\\modul6framework\\vendor\\laravel\\framework\\src\\Illuminate\\Routing\\Router.php(750): Illuminate\\Routing\\Router->runRoute(Object(Illuminate\\Http\\Request), Object(Illuminate\\Routing\\Route))
#32 E:\\ITTS\\Semester 3\\PAW\\PAWcode\\laravel\\modul6framework\\vendor\\laravel\\framework\\src\\Illuminate\\Routing\\Router.php(739): Illuminate\\Routing\\Router->dispatchToRoute(Object(Illuminate\\Http\\Request))
#33 E:\\ITTS\\Semester 3\\PAW\\PAWcode\\laravel\\modul6framework\\vendor\\laravel\\framework\\src\\Illuminate\\Foundation\\Http\\Kernel.php(201): Illuminate\\Routing\\Router->dispatch(Object(Illuminate\\Http\\Request))
#34 E:\\ITTS\\Semester 3\\PAW\\PAWcode\\laravel\\modul6framework\\vendor\\laravel\\framework\\src\\Illuminate\\Pipeline\\Pipeline.php(144): Illuminate\\Foundation\\Http\\Kernel->Illuminate\\Foundation\\Http\\{closure}(Object(Illuminate\\Http\\Request))
#35 E:\\ITTS\\Semester 3\\PAW\\PAWcode\\laravel\\modul6framework\\vendor\\laravel\\framework\\src\\Illuminate\\Foundation\\Http\\Middleware\\TransformsRequest.php(21): Illuminate\\Pipeline\\Pipeline->Illuminate\\Pipeline\\{closure}(Object(Illuminate\\Http\\Request))
#36 E:\\ITTS\\Semester 3\\PAW\\PAWcode\\laravel\\modul6framework\\vendor\\laravel\\framework\\src\\Illuminate\\Foundation\\Http\\Middleware\\ConvertEmptyStringsToNull.php(31): Illuminate\\Foundation\\Http\\Middleware\\TransformsRequest->handle(Object(Illuminate\\Http\\Request), Object(Closure))
#37 E:\\ITTS\\Semester 3\\PAW\\PAWcode\\laravel\\modul6framework\\vendor\\laravel\\framework\\src\\Illuminate\\Pipeline\\Pipeline.php(183): Illuminate\\Foundation\\Http\\Middleware\\ConvertEmptyStringsToNull->handle(Object(Illuminate\\Http\\Request), Object(Closure))
#38 E:\\ITTS\\Semester 3\\PAW\\PAWcode\\laravel\\modul6framework\\vendor\\laravel\\framework\\src\\Illuminate\\Foundation\\Http\\Middleware\\TransformsRequest.php(21): Illuminate\\Pipeline\\Pipeline->Illuminate\\Pipeline\\{closure}(Object(Illuminate\\Http\\Request))
#39 E:\\ITTS\\Semester 3\\PAW\\PAWcode\\laravel\\modul6framework\\vendor\\laravel\\framework\\src\\Illuminate\\Foundation\\Http\\Middleware\\TrimStrings.php(51): Illuminate\\Foundation\\Http\\Middleware\\TransformsRequest->handle(Object(Illuminate\\Http\\Request), Object(Closure))
#40 E:\\ITTS\\Semester 3\\PAW\\PAWcode\\laravel\\modul6framework\\vendor\\laravel\\framework\\src\\Illuminate\\Pipeline\\Pipeline.php(183): Illuminate\\Foundation\\Http\\Middleware\\TrimStrings->handle(Object(Illuminate\\Http\\Request), Object(Closure))
#41 E:\\ITTS\\Semester 3\\PAW\\PAWcode\\laravel\\modul6framework\\vendor\\laravel\\framework\\src\\Illuminate\\Http\\Middleware\\ValidatePostSize.php(27): Illuminate\\Pipeline\\Pipeline->Illuminate\\Pipeline\\{closure}(Object(Illuminate\\Http\\Request))
#42 E:\\ITTS\\Semester 3\\PAW\\PAWcode\\laravel\\modul6framework\\vendor\\laravel\\framework\\src\\Illuminate\\Pipeline\\Pipeline.php(183): Illuminate\\Http\\Middleware\\ValidatePostSize->handle(Object(Illuminate\\Http\\Request), Object(Closure))
#43 E:\\ITTS\\Semester 3\\PAW\\PAWcode\\laravel\\modul6framework\\vendor\\laravel\\framework\\src\\Illuminate\\Foundation\\Http\\Middleware\\PreventRequestsDuringMaintenance.php(110): Illuminate\\Pipeline\\Pipeline->Illuminate\\Pipeline\\{closure}(Object(Illuminate\\Http\\Request))
#44 E:\\ITTS\\Semester 3\\PAW\\PAWcode\\laravel\\modul6framework\\vendor\\laravel\\framework\\src\\Illuminate\\Pipeline\\Pipeline.php(183): Illuminate\\Foundation\\Http\\Middleware\\PreventRequestsDuringMaintenance->handle(Object(Illuminate\\Http\\Request), Object(Closure))
#45 E:\\ITTS\\Semester 3\\PAW\\PAWcode\\laravel\\modul6framework\\vendor\\laravel\\framework\\src\\Illuminate\\Http\\Middleware\\HandleCors.php(49): Illuminate\\Pipeline\\Pipeline->Illuminate\\Pipeline\\{closure}(Object(Illuminate\\Http\\Request))
#46 E:\\ITTS\\Semester 3\\PAW\\PAWcode\\laravel\\modul6framework\\vendor\\laravel\\framework\\src\\Illuminate\\Pipeline\\Pipeline.php(183): Illuminate\\Http\\Middleware\\HandleCors->handle(Object(Illuminate\\Http\\Request), Object(Closure))
#47 E:\\ITTS\\Semester 3\\PAW\\PAWcode\\laravel\\modul6framework\\vendor\\laravel\\framework\\src\\Illuminate\\Http\\Middleware\\TrustProxies.php(58): Illuminate\\Pipeline\\Pipeline->Illuminate\\Pipeline\\{closure}(Object(Illuminate\\Http\\Request))
#48 E:\\ITTS\\Semester 3\\PAW\\PAWcode\\laravel\\modul6framework\\vendor\\laravel\\framework\\src\\Illuminate\\Pipeline\\Pipeline.php(183): Illuminate\\Http\\Middleware\\TrustProxies->handle(Object(Illuminate\\Http\\Request), Object(Closure))
#49 E:\\ITTS\\Semester 3\\PAW\\PAWcode\\laravel\\modul6framework\\vendor\\laravel\\framework\\src\\Illuminate\\Foundation\\Http\\Middleware\\InvokeDeferredCallbacks.php(22): Illuminate\\Pipeline\\Pipeline->Illuminate\\Pipeline\\{closure}(Object(Illuminate\\Http\\Request))
#50 E:\\ITTS\\Semester 3\\PAW\\PAWcode\\laravel\\modul6framework\\vendor\\laravel\\framework\\src\\Illuminate\\Pipeline\\Pipeline.php(183): Illuminate\\Foundation\\Http\\Middleware\\InvokeDeferredCallbacks->handle(Object(Illuminate\\Http\\Request), Object(Closure))
#51 E:\\ITTS\\Semester 3\\PAW\\PAWcode\\laravel\\modul6framework\\vendor\\laravel\\framework\\src\\Illuminate\\Pipeline\\Pipeline.php(119): Illuminate\\Pipeline\\Pipeline->Illuminate\\Pipeline\\{closure}(Object(Illuminate\\Http\\Request))
#52 E:\\ITTS\\Semester 3\\PAW\\PAWcode\\laravel\\modul6framework\\vendor\\laravel\\framework\\src\\Illuminate\\Foundation\\Http\\Kernel.php(176): Illuminate\\Pipeline\\Pipeline->then(Object(Closure))
#53 E:\\ITTS\\Semester 3\\PAW\\PAWcode\\laravel\\modul6framework\\vendor\\laravel\\framework\\src\\Illuminate\\Foundation\\Http\\Kernel.php(145): Illuminate\\Foundation\\Http\\Kernel->sendRequestThroughRouter(Object(Illuminate\\Http\\Request))
#54 E:\\ITTS\\Semester 3\\PAW\\PAWcode\\laravel\\modul6framework\\vendor\\laravel\\framework\\src\\Illuminate\\Foundation\\Application.php(1190): Illuminate\\Foundation\\Http\\Kernel->handle(Object(Illuminate\\Http\\Request))
#55 E:\\ITTS\\Semester 3\\PAW\\PAWcode\\laravel\\modul6framework\\public\\index.php(17): Illuminate\\Foundation\\Application->handleRequest(Object(Illuminate\\Http\\Request))
#56 E:\\ITTS\\Semester 3\\PAW\\PAWcode\\laravel\\modul6framework\\vendor\\laravel\\framework\\src\\Illuminate\\Foundation\\resources\\server.php(23): require_once('E:\\\\ITTS\\\\Semeste...')
#57 {main}

[previous exception] [object] (PDOException(code: HY000): SQLSTATE[HY000]: General error: 1 no such table: employees at E:\\ITTS\\Semester 3\\PAW\\PAWcode\\laravel\\modul6framework\\vendor\\laravel\\framework\\src\\Illuminate\\Database\\Connection.php:407)
[stacktrace]
#0 E:\\ITTS\\Semester 3\\PAW\\PAWcode\\laravel\\modul6framework\\vendor\\laravel\\framework\\src\\Illuminate\\Database\\Connection.php(407): PDO->prepare('select * from \"...')
#1 E:\\ITTS\\Semester 3\\PAW\\PAWcode\\laravel\\modul6framework\\vendor\\laravel\\framework\\src\\Illuminate\\Database\\Connection.php(812): Illuminate\\Database\\Connection->Illuminate\\Database\\{closure}('select * from \"...', Array)
#2 E:\\ITTS\\Semester 3\\PAW\\PAWcode\\laravel\\modul6framework\\vendor\\laravel\\framework\\src\\Illuminate\\Database\\Connection.php(779): Illuminate\\Database\\Connection->runQueryCallback('select * from \"...', Array, Object(Closure))
#3 E:\\ITTS\\Semester 3\\PAW\\PAWcode\\laravel\\modul6framework\\vendor\\laravel\\framework\\src\\Illuminate\\Database\\Connection.php(398): Illuminate\\Database\\Connection->run('select * from \"...', Array, Object(Closure))
#4 E:\\ITTS\\Semester 3\\PAW\\PAWcode\\laravel\\modul6framework\\vendor\\laravel\\framework\\src\\Illuminate\\Database\\Query\\Builder.php(3133): Illuminate\\Database\\Connection->select('select * from \"...', Array, true)
#5 E:\\ITTS\\Semester 3\\PAW\\PAWcode\\laravel\\modul6framework\\vendor\\laravel\\framework\\src\\Illuminate\\Database\\Query\\Builder.php(3118): Illuminate\\Database\\Query\\Builder->runSelect()
#6 E:\\ITTS\\Semester 3\\PAW\\PAWcode\\laravel\\modul6framework\\vendor\\laravel\\framework\\src\\Illuminate\\Database\\Query\\Builder.php(3706): Illuminate\\Database\\Query\\Builder->Illuminate\\Database\\Query\\{closure}()
#7 E:\\ITTS\\Semester 3\\PAW\\PAWcode\\laravel\\modul6framework\\vendor\\laravel\\framework\\src\\Illuminate\\Database\\Query\\Builder.php(3117): Illuminate\\Database\\Query\\Builder->onceWithColumns(Array, Object(Closure))
#8 E:\\ITTS\\Semester 3\\PAW\\PAWcode\\laravel\\modul6framework\\vendor\\laravel\\framework\\src\\Illuminate\\Database\\Eloquent\\Builder.php(761): Illuminate\\Database\\Query\\Builder->get(Array)
#9 E:\\ITTS\\Semester 3\\PAW\\PAWcode\\laravel\\modul6framework\\vendor\\laravel\\framework\\src\\Illuminate\\Database\\Eloquent\\Builder.php(743): Illuminate\\Database\\Eloquent\\Builder->getModels(Array)
#10 E:\\ITTS\\Semester 3\\PAW\\PAWcode\\laravel\\modul6framework\\vendor\\laravel\\framework\\src\\Illuminate\\Database\\Eloquent\\Model.php(694): Illuminate\\Database\\Eloquent\\Builder->get(Array)
#11 E:\\ITTS\\Semester 3\\PAW\\PAWcode\\laravel\\modul6framework\\app\\Http\\Controllers\\EmployeeController.php(21): Illuminate\\Database\\Eloquent\\Model::all()
#12 E:\\ITTS\\Semester 3\\PAW\\PAWcode\\laravel\\modul6framework\\vendor\\laravel\\framework\\src\\Illuminate\\Routing\\ControllerDispatcher.php(47): App\\Http\\Controllers\\EmployeeController->index()
#13 E:\\ITTS\\Semester 3\\PAW\\PAWcode\\laravel\\modul6framework\\vendor\\laravel\\framework\\src\\Illuminate\\Routing\\Route.php(266): Illuminate\\Routing\\ControllerDispatcher->dispatch(Object(Illuminate\\Routing\\Route), Object(App\\Http\\Controllers\\EmployeeController), 'index')
#14 E:\\ITTS\\Semester 3\\PAW\\PAWcode\\laravel\\modul6framework\\vendor\\laravel\\framework\\src\\Illuminate\\Routing\\Route.php(212): Illuminate\\Routing\\Route->runController()
#15 E:\\ITTS\\Semester 3\\PAW\\PAWcode\\laravel\\modul6framework\\vendor\\laravel\\framework\\src\\Illuminate\\Routing\\Router.php(808): Illuminate\\Routing\\Route->run()
#16 E:\\ITTS\\Semester 3\\PAW\\PAWcode\\laravel\\modul6framework\\vendor\\laravel\\framework\\src\\Illuminate\\Pipeline\\Pipeline.php(144): Illuminate\\Routing\\Router->Illuminate\\Routing\\{closure}(Object(Illuminate\\Http\\Request))
#17 E:\\ITTS\\Semester 3\\PAW\\PAWcode\\laravel\\modul6framework\\vendor\\laravel\\framework\\src\\Illuminate\\Routing\\Middleware\\SubstituteBindings.php(51): Illuminate\\Pipeline\\Pipeline->Illuminate\\Pipeline\\{closure}(Object(Illuminate\\Http\\Request))
#18 E:\\ITTS\\Semester 3\\PAW\\PAWcode\\laravel\\modul6framework\\vendor\\laravel\\framework\\src\\Illuminate\\Pipeline\\Pipeline.php(183): Illuminate\\Routing\\Middleware\\SubstituteBindings->handle(Object(Illuminate\\Http\\Request), Object(Closure))
#19 E:\\ITTS\\Semester 3\\PAW\\PAWcode\\laravel\\modul6framework\\vendor\\laravel\\framework\\src\\Illuminate\\Foundation\\Http\\Middleware\\VerifyCsrfToken.php(88): Illuminate\\Pipeline\\Pipeline->Illuminate\\Pipeline\\{closure}(Object(Illuminate\\Http\\Request))
#20 E:\\ITTS\\Semester 3\\PAW\\PAWcode\\laravel\\modul6framework\\vendor\\laravel\\framework\\src\\Illuminate\\Pipeline\\Pipeline.php(183): Illuminate\\Foundation\\Http\\Middleware\\VerifyCsrfToken->handle(Object(Illuminate\\Http\\Request), Object(Closure))
#21 E:\\ITTS\\Semester 3\\PAW\\PAWcode\\laravel\\modul6framework\\vendor\\laravel\\framework\\src\\Illuminate\\View\\Middleware\\ShareErrorsFromSession.php(49): Illuminate\\Pipeline\\Pipeline->Illuminate\\Pipeline\\{closure}(Object(Illuminate\\Http\\Request))
#22 E:\\ITTS\\Semester 3\\PAW\\PAWcode\\laravel\\modul6framework\\vendor\\laravel\\framework\\src\\Illuminate\\Pipeline\\Pipeline.php(183): Illuminate\\View\\Middleware\\ShareErrorsFromSession->handle(Object(Illuminate\\Http\\Request), Object(Closure))
#23 E:\\ITTS\\Semester 3\\PAW\\PAWcode\\laravel\\modul6framework\\vendor\\laravel\\framework\\src\\Illuminate\\Session\\Middleware\\StartSession.php(121): Illuminate\\Pipeline\\Pipeline->Illuminate\\Pipeline\\{closure}(Object(Illuminate\\Http\\Request))
#24 E:\\ITTS\\Semester 3\\PAW\\PAWcode\\laravel\\modul6framework\\vendor\\laravel\\framework\\src\\Illuminate\\Session\\Middleware\\StartSession.php(64): Illuminate\\Session\\Middleware\\StartSession->handleStatefulRequest(Object(Illuminate\\Http\\Request), Object(Illuminate\\Session\\Store), Object(Closure))
#25 E:\\ITTS\\Semester 3\\PAW\\PAWcode\\laravel\\modul6framework\\vendor\\laravel\\framework\\src\\Illuminate\\Pipeline\\Pipeline.php(183): Illuminate\\Session\\Middleware\\StartSession->handle(Object(Illuminate\\Http\\Request), Object(Closure))
#26 E:\\ITTS\\Semester 3\\PAW\\PAWcode\\laravel\\modul6framework\\vendor\\laravel\\framework\\src\\Illuminate\\Cookie\\Middleware\\AddQueuedCookiesToResponse.php(37): Illuminate\\Pipeline\\Pipeline->Illuminate\\Pipeline\\{closure}(Object(Illuminate\\Http\\Request))
#27 E:\\ITTS\\Semester 3\\PAW\\PAWcode\\laravel\\modul6framework\\vendor\\laravel\\framework\\src\\Illuminate\\Pipeline\\Pipeline.php(183): Illuminate\\Cookie\\Middleware\\AddQueuedCookiesToResponse->handle(Object(Illuminate\\Http\\Request), Object(Closure))
#28 E:\\ITTS\\Semester 3\\PAW\\PAWcode\\laravel\\modul6framework\\vendor\\laravel\\framework\\src\\Illuminate\\Cookie\\Middleware\\EncryptCookies.php(75): Illuminate\\Pipeline\\Pipeline->Illuminate\\Pipeline\\{closure}(Object(Illuminate\\Http\\Request))
#29 E:\\ITTS\\Semester 3\\PAW\\PAWcode\\laravel\\modul6framework\\vendor\\laravel\\framework\\src\\Illuminate\\Pipeline\\Pipeline.php(183): Illuminate\\Cookie\\Middleware\\EncryptCookies->handle(Object(Illuminate\\Http\\Request), Object(Closure))
#30 E:\\ITTS\\Semester 3\\PAW\\PAWcode\\laravel\\modul6framework\\vendor\\laravel\\framework\\src\\Illuminate\\Pipeline\\Pipeline.php(119): Illuminate\\Pipeline\\Pipeline->Illuminate\\Pipeline\\{closure}(Object(Illuminate\\Http\\Request))
#31 E:\\ITTS\\Semester 3\\PAW\\PAWcode\\laravel\\modul6framework\\vendor\\laravel\\framework\\src\\Illuminate\\Routing\\Router.php(807): Illuminate\\Pipeline\\Pipeline->then(Object(Closure))
#32 E:\\ITTS\\Semester 3\\PAW\\PAWcode\\laravel\\modul6framework\\vendor\\laravel\\framework\\src\\Illuminate\\Routing\\Router.php(786): Illuminate\\Routing\\Router->runRouteWithinStack(Object(Illuminate\\Routing\\Route), Object(Illuminate\\Http\\Request))
#33 E:\\ITTS\\Semester 3\\PAW\\PAWcode\\laravel\\modul6framework\\vendor\\laravel\\framework\\src\\Illuminate\\Routing\\Router.php(750): Illuminate\\Routing\\Router->runRoute(Object(Illuminate\\Http\\Request), Object(Illuminate\\Routing\\Route))
#34 E:\\ITTS\\Semester 3\\PAW\\PAWcode\\laravel\\modul6framework\\vendor\\laravel\\framework\\src\\Illuminate\\Routing\\Router.php(739): Illuminate\\Routing\\Router->dispatchToRoute(Object(Illuminate\\Http\\Request))
#35 E:\\ITTS\\Semester 3\\PAW\\PAWcode\\laravel\\modul6framework\\vendor\\laravel\\framework\\src\\Illuminate\\Foundation\\Http\\Kernel.php(201): Illuminate\\Routing\\Router->dispatch(Object(Illuminate\\Http\\Request))
#36 E:\\ITTS\\Semester 3\\PAW\\PAWcode\\laravel\\modul6framework\\vendor\\laravel\\framework\\src\\Illuminate\\Pipeline\\Pipeline.php(144): Illuminate\\Foundation\\Http\\Kernel->Illuminate\\Foundation\\Http\\{closure}(Object(Illuminate\\Http\\Request))
#37 E:\\ITTS\\Semester 3\\PAW\\PAWcode\\laravel\\modul6framework\\vendor\\laravel\\framework\\src\\Illuminate\\Foundation\\Http\\Middleware\\TransformsRequest.php(21): Illuminate\\Pipeline\\Pipeline->Illuminate\\Pipeline\\{closure}(Object(Illuminate\\Http\\Request))
#38 E:\\ITTS\\Semester 3\\PAW\\PAWcode\\laravel\\modul6framework\\vendor\\laravel\\framework\\src\\Illuminate\\Foundation\\Http\\Middleware\\ConvertEmptyStringsToNull.php(31): Illuminate\\Foundation\\Http\\Middleware\\TransformsRequest->handle(Object(Illuminate\\Http\\Request), Object(Closure))
#39 E:\\ITTS\\Semester 3\\PAW\\PAWcode\\laravel\\modul6framework\\vendor\\laravel\\framework\\src\\Illuminate\\Pipeline\\Pipeline.php(183): Illuminate\\Foundation\\Http\\Middleware\\ConvertEmptyStringsToNull->handle(Object(Illuminate\\Http\\Request), Object(Closure))
#40 E:\\ITTS\\Semester 3\\PAW\\PAWcode\\laravel\\modul6framework\\vendor\\laravel\\framework\\src\\Illuminate\\Foundation\\Http\\Middleware\\TransformsRequest.php(21): Illuminate\\Pipeline\\Pipeline->Illuminate\\Pipeline\\{closure}(Object(Illuminate\\Http\\Request))
#41 E:\\ITTS\\Semester 3\\PAW\\PAWcode\\laravel\\modul6framework\\vendor\\laravel\\framework\\src\\Illuminate\\Foundation\\Http\\Middleware\\TrimStrings.php(51): Illuminate\\Foundation\\Http\\Middleware\\TransformsRequest->handle(Object(Illuminate\\Http\\Request), Object(Closure))
#42 E:\\ITTS\\Semester 3\\PAW\\PAWcode\\laravel\\modul6framework\\vendor\\laravel\\framework\\src\\Illuminate\\Pipeline\\Pipeline.php(183): Illuminate\\Foundation\\Http\\Middleware\\TrimStrings->handle(Object(Illuminate\\Http\\Request), Object(Closure))
#43 E:\\ITTS\\Semester 3\\PAW\\PAWcode\\laravel\\modul6framework\\vendor\\laravel\\framework\\src\\Illuminate\\Http\\Middleware\\ValidatePostSize.php(27): Illuminate\\Pipeline\\Pipeline->Illuminate\\Pipeline\\{closure}(Object(Illuminate\\Http\\Request))
#44 E:\\ITTS\\Semester 3\\PAW\\PAWcode\\laravel\\modul6framework\\vendor\\laravel\\framework\\src\\Illuminate\\Pipeline\\Pipeline.php(183): Illuminate\\Http\\Middleware\\ValidatePostSize->handle(Object(Illuminate\\Http\\Request), Object(Closure))
#45 E:\\ITTS\\Semester 3\\PAW\\PAWcode\\laravel\\modul6framework\\vendor\\laravel\\framework\\src\\Illuminate\\Foundation\\Http\\Middleware\\PreventRequestsDuringMaintenance.php(110): Illuminate\\Pipeline\\Pipeline->Illuminate\\Pipeline\\{closure}(Object(Illuminate\\Http\\Request))
#46 E:\\ITTS\\Semester 3\\PAW\\PAWcode\\laravel\\modul6framework\\vendor\\laravel\\framework\\src\\Illuminate\\Pipeline\\Pipeline.php(183): Illuminate\\Foundation\\Http\\Middleware\\PreventRequestsDuringMaintenance->handle(Object(Illuminate\\Http\\Request), Object(Closure))
#47 E:\\ITTS\\Semester 3\\PAW\\PAWcode\\laravel\\modul6framework\\vendor\\laravel\\framework\\src\\Illuminate\\Http\\Middleware\\HandleCors.php(49): Illuminate\\Pipeline\\Pipeline->Illuminate\\Pipeline\\{closure}(Object(Illuminate\\Http\\Request))
#48 E:\\ITTS\\Semester 3\\PAW\\PAWcode\\laravel\\modul6framework\\vendor\\laravel\\framework\\src\\Illuminate\\Pipeline\\Pipeline.php(183): Illuminate\\Http\\Middleware\\HandleCors->handle(Object(Illuminate\\Http\\Request), Object(Closure))
#49 E:\\ITTS\\Semester 3\\PAW\\PAWcode\\laravel\\modul6framework\\vendor\\laravel\\framework\\src\\Illuminate\\Http\\Middleware\\TrustProxies.php(58): Illuminate\\Pipeline\\Pipeline->Illuminate\\Pipeline\\{closure}(Object(Illuminate\\Http\\Request))
#50 E:\\ITTS\\Semester 3\\PAW\\PAWcode\\laravel\\modul6framework\\vendor\\laravel\\framework\\src\\Illuminate\\Pipeline\\Pipeline.php(183): Illuminate\\Http\\Middleware\\TrustProxies->handle(Object(Illuminate\\Http\\Request), Object(Closure))
#51 E:\\ITTS\\Semester 3\\PAW\\PAWcode\\laravel\\modul6framework\\vendor\\laravel\\framework\\src\\Illuminate\\Foundation\\Http\\Middleware\\InvokeDeferredCallbacks.php(22): Illuminate\\Pipeline\\Pipeline->Illuminate\\Pipeline\\{closure}(Object(Illuminate\\Http\\Request))
#52 E:\\ITTS\\Semester 3\\PAW\\PAWcode\\laravel\\modul6framework\\vendor\\laravel\\framework\\src\\Illuminate\\Pipeline\\Pipeline.php(183): Illuminate\\Foundation\\Http\\Middleware\\InvokeDeferredCallbacks->handle(Object(Illuminate\\Http\\Request), Object(Closure))
#53 E:\\ITTS\\Semester 3\\PAW\\PAWcode\\laravel\\modul6framework\\vendor\\laravel\\framework\\src\\Illuminate\\Pipeline\\Pipeline.php(119): Illuminate\\Pipeline\\Pipeline->Illuminate\\Pipeline\\{closure}(Object(Illuminate\\Http\\Request))
#54 E:\\ITTS\\Semester 3\\PAW\\PAWcode\\laravel\\modul6framework\\vendor\\laravel\\framework\\src\\Illuminate\\Foundation\\Http\\Kernel.php(176): Illuminate\\Pipeline\\Pipeline->then(Object(Closure))
#55 E:\\ITTS\\Semester 3\\PAW\\PAWcode\\laravel\\modul6framework\\vendor\\laravel\\framework\\src\\Illuminate\\Foundation\\Http\\Kernel.php(145): Illuminate\\Foundation\\Http\\Kernel->sendRequestThroughRouter(Object(Illuminate\\Http\\Request))
#56 E:\\ITTS\\Semester 3\\PAW\\PAWcode\\laravel\\modul6framework\\vendor\\laravel\\framework\\src\\Illuminate\\Foundation\\Application.php(1190): Illuminate\\Foundation\\Http\\Kernel->handle(Object(Illuminate\\Http\\Request))
#57 E:\\ITTS\\Semester 3\\PAW\\PAWcode\\laravel\\modul6framework\\public\\index.php(17): Illuminate\\Foundation\\Application->handleRequest(Object(Illuminate\\Http\\Request))
#58 E:\\ITTS\\Semester 3\\PAW\\PAWcode\\laravel\\modul6framework\\vendor\\laravel\\framework\\src\\Illuminate\\Foundation\\resources\\server.php(23): require_once('E:\\\\ITTS\\\\Semeste...')
#59 {main}
"} 
[2025-01-08 11:34:18] local.ERROR: SQLSTATE[HY000] [1049] Unknown database 'laravel' (Connection: mysql, SQL: select * from `sessions` where `id` = SmL0Gk0CGjgW36xDFZ7xu9GQQ0NKo6ZjbgnYvole limit 1) {"exception":"[object] (Illuminate\\Database\\QueryException(code: 1049): SQLSTATE[HY000] [1049] Unknown database 'laravel' (Connection: mysql, SQL: select * from `sessions` where `id` = SmL0Gk0CGjgW36xDFZ7xu9GQQ0NKo6ZjbgnYvole limit 1) at E:\\ITTS\\Semester 3\\PAW\\PAWcode\\laravel\\modul6framework\\vendor\\laravel\\framework\\src\\Illuminate\\Database\\Connection.php:825)
[stacktrace]
#0 E:\\ITTS\\Semester 3\\PAW\\PAWcode\\laravel\\modul6framework\\vendor\\laravel\\framework\\src\\Illuminate\\Database\\Connection.php(779): Illuminate\\Database\\Connection->runQueryCallback('select * from `...', Array, Object(Closure))
#1 E:\\ITTS\\Semester 3\\PAW\\PAWcode\\laravel\\modul6framework\\vendor\\laravel\\framework\\src\\Illuminate\\Database\\Connection.php(398): Illuminate\\Database\\Connection->run('select * from `...', Array, Object(Closure))
#2 E:\\ITTS\\Semester 3\\PAW\\PAWcode\\laravel\\modul6framework\\vendor\\laravel\\framework\\src\\Illuminate\\Database\\Query\\Builder.php(3133): Illuminate\\Database\\Connection->select('select * from `...', Array, true)
#3 E:\\ITTS\\Semester 3\\PAW\\PAWcode\\laravel\\modul6framework\\vendor\\laravel\\framework\\src\\Illuminate\\Database\\Query\\Builder.php(3118): Illuminate\\Database\\Query\\Builder->runSelect()
#4 E:\\ITTS\\Semester 3\\PAW\\PAWcode\\laravel\\modul6framework\\vendor\\laravel\\framework\\src\\Illuminate\\Database\\Query\\Builder.php(3706): Illuminate\\Database\\Query\\Builder->Illuminate\\Database\\Query\\{closure}()
#5 E:\\ITTS\\Semester 3\\PAW\\PAWcode\\laravel\\modul6framework\\vendor\\laravel\\framework\\src\\Illuminate\\Database\\Query\\Builder.php(3117): Illuminate\\Database\\Query\\Builder->onceWithColumns(Array, Object(Closure))
#6 E:\\ITTS\\Semester 3\\PAW\\PAWcode\\laravel\\modul6framework\\vendor\\laravel\\framework\\src\\Illuminate\\Database\\Concerns\\BuildsQueries.php(344): Illuminate\\Database\\Query\\Builder->get(Array)
#7 E:\\ITTS\\Semester 3\\PAW\\PAWcode\\laravel\\modul6framework\\vendor\\laravel\\framework\\src\\Illuminate\\Database\\Query\\Builder.php(3038): Illuminate\\Database\\Query\\Builder->first(Array)
#8 E:\\ITTS\\Semester 3\\PAW\\PAWcode\\laravel\\modul6framework\\vendor\\laravel\\framework\\src\\Illuminate\\Session\\DatabaseSessionHandler.php(97): Illuminate\\Database\\Query\\Builder->find('SmL0Gk0CGjgW36x...')
#9 E:\\ITTS\\Semester 3\\PAW\\PAWcode\\laravel\\modul6framework\\vendor\\laravel\\framework\\src\\Illuminate\\Session\\Store.php(116): Illuminate\\Session\\DatabaseSessionHandler->read('SmL0Gk0CGjgW36x...')
#10 E:\\ITTS\\Semester 3\\PAW\\PAWcode\\laravel\\modul6framework\\vendor\\laravel\\framework\\src\\Illuminate\\Session\\Store.php(104): Illuminate\\Session\\Store->readFromHandler()
#11 E:\\ITTS\\Semester 3\\PAW\\PAWcode\\laravel\\modul6framework\\vendor\\laravel\\framework\\src\\Illuminate\\Session\\Store.php(88): Illuminate\\Session\\Store->loadSession()
#12 E:\\ITTS\\Semester 3\\PAW\\PAWcode\\laravel\\modul6framework\\vendor\\laravel\\framework\\src\\Illuminate\\Session\\Middleware\\StartSession.php(147): Illuminate\\Session\\Store->start()
#13 E:\\ITTS\\Semester 3\\PAW\\PAWcode\\laravel\\modul6framework\\vendor\\laravel\\framework\\src\\Illuminate\\Support\\helpers.php(399): Illuminate\\Session\\Middleware\\StartSession->Illuminate\\Session\\Middleware\\{closure}(Object(Illuminate\\Session\\Store))
#14 E:\\ITTS\\Semester 3\\PAW\\PAWcode\\laravel\\modul6framework\\vendor\\laravel\\framework\\src\\Illuminate\\Session\\Middleware\\StartSession.php(144): tap(Object(Illuminate\\Session\\Store), Object(Closure))
#15 E:\\ITTS\\Semester 3\\PAW\\PAWcode\\laravel\\modul6framework\\vendor\\laravel\\framework\\src\\Illuminate\\Session\\Middleware\\StartSession.php(116): Illuminate\\Session\\Middleware\\StartSession->startSession(Object(Illuminate\\Http\\Request), Object(Illuminate\\Session\\Store))
#16 E:\\ITTS\\Semester 3\\PAW\\PAWcode\\laravel\\modul6framework\\vendor\\laravel\\framework\\src\\Illuminate\\Session\\Middleware\\StartSession.php(64): Illuminate\\Session\\Middleware\\StartSession->handleStatefulRequest(Object(Illuminate\\Http\\Request), Object(Illuminate\\Session\\Store), Object(Closure))
#17 E:\\ITTS\\Semester 3\\PAW\\PAWcode\\laravel\\modul6framework\\vendor\\laravel\\framework\\src\\Illuminate\\Pipeline\\Pipeline.php(183): Illuminate\\Session\\Middleware\\StartSession->handle(Object(Illuminate\\Http\\Request), Object(Closure))
#18 E:\\ITTS\\Semester 3\\PAW\\PAWcode\\laravel\\modul6framework\\vendor\\laravel\\framework\\src\\Illuminate\\Cookie\\Middleware\\AddQueuedCookiesToResponse.php(37): Illuminate\\Pipeline\\Pipeline->Illuminate\\Pipeline\\{closure}(Object(Illuminate\\Http\\Request))
#19 E:\\ITTS\\Semester 3\\PAW\\PAWcode\\laravel\\modul6framework\\vendor\\laravel\\framework\\src\\Illuminate\\Pipeline\\Pipeline.php(183): Illuminate\\Cookie\\Middleware\\AddQueuedCookiesToResponse->handle(Object(Illuminate\\Http\\Request), Object(Closure))
#20 E:\\ITTS\\Semester 3\\PAW\\PAWcode\\laravel\\modul6framework\\vendor\\laravel\\framework\\src\\Illuminate\\Cookie\\Middleware\\EncryptCookies.php(75): Illuminate\\Pipeline\\Pipeline->Illuminate\\Pipeline\\{closure}(Object(Illuminate\\Http\\Request))
#21 E:\\ITTS\\Semester 3\\PAW\\PAWcode\\laravel\\modul6framework\\vendor\\laravel\\framework\\src\\Illuminate\\Pipeline\\Pipeline.php(183): Illuminate\\Cookie\\Middleware\\EncryptCookies->handle(Object(Illuminate\\Http\\Request), Object(Closure))
#22 E:\\ITTS\\Semester 3\\PAW\\PAWcode\\laravel\\modul6framework\\vendor\\laravel\\framework\\src\\Illuminate\\Pipeline\\Pipeline.php(119): Illuminate\\Pipeline\\Pipeline->Illuminate\\Pipeline\\{closure}(Object(Illuminate\\Http\\Request))
#23 E:\\ITTS\\Semester 3\\PAW\\PAWcode\\laravel\\modul6framework\\vendor\\laravel\\framework\\src\\Illuminate\\Routing\\Router.php(807): Illuminate\\Pipeline\\Pipeline->then(Object(Closure))
#24 E:\\ITTS\\Semester 3\\PAW\\PAWcode\\laravel\\modul6framework\\vendor\\laravel\\framework\\src\\Illuminate\\Routing\\Router.php(786): Illuminate\\Routing\\Router->runRouteWithinStack(Object(Illuminate\\Routing\\Route), Object(Illuminate\\Http\\Request))
#25 E:\\ITTS\\Semester 3\\PAW\\PAWcode\\laravel\\modul6framework\\vendor\\laravel\\framework\\src\\Illuminate\\Routing\\Router.php(750): Illuminate\\Routing\\Router->runRoute(Object(Illuminate\\Http\\Request), Object(Illuminate\\Routing\\Route))
#26 E:\\ITTS\\Semester 3\\PAW\\PAWcode\\laravel\\modul6framework\\vendor\\laravel\\framework\\src\\Illuminate\\Routing\\Router.php(739): Illuminate\\Routing\\Router->dispatchToRoute(Object(Illuminate\\Http\\Request))
#27 E:\\ITTS\\Semester 3\\PAW\\PAWcode\\laravel\\modul6framework\\vendor\\laravel\\framework\\src\\Illuminate\\Foundation\\Http\\Kernel.php(201): Illuminate\\Routing\\Router->dispatch(Object(Illuminate\\Http\\Request))
#28 E:\\ITTS\\Semester 3\\PAW\\PAWcode\\laravel\\modul6framework\\vendor\\laravel\\framework\\src\\Illuminate\\Pipeline\\Pipeline.php(144): Illuminate\\Foundation\\Http\\Kernel->Illuminate\\Foundation\\Http\\{closure}(Object(Illuminate\\Http\\Request))
#29 E:\\ITTS\\Semester 3\\PAW\\PAWcode\\laravel\\modul6framework\\vendor\\laravel\\framework\\src\\Illuminate\\Foundation\\Http\\Middleware\\TransformsRequest.php(21): Illuminate\\Pipeline\\Pipeline->Illuminate\\Pipeline\\{closure}(Object(Illuminate\\Http\\Request))
#30 E:\\ITTS\\Semester 3\\PAW\\PAWcode\\laravel\\modul6framework\\vendor\\laravel\\framework\\src\\Illuminate\\Foundation\\Http\\Middleware\\ConvertEmptyStringsToNull.php(31): Illuminate\\Foundation\\Http\\Middleware\\TransformsRequest->handle(Object(Illuminate\\Http\\Request), Object(Closure))
#31 E:\\ITTS\\Semester 3\\PAW\\PAWcode\\laravel\\modul6framework\\vendor\\laravel\\framework\\src\\Illuminate\\Pipeline\\Pipeline.php(183): Illuminate\\Foundation\\Http\\Middleware\\ConvertEmptyStringsToNull->handle(Object(Illuminate\\Http\\Request), Object(Closure))
#32 E:\\ITTS\\Semester 3\\PAW\\PAWcode\\laravel\\modul6framework\\vendor\\laravel\\framework\\src\\Illuminate\\Foundation\\Http\\Middleware\\TransformsRequest.php(21): Illuminate\\Pipeline\\Pipeline->Illuminate\\Pipeline\\{closure}(Object(Illuminate\\Http\\Request))
#33 E:\\ITTS\\Semester 3\\PAW\\PAWcode\\laravel\\modul6framework\\vendor\\laravel\\framework\\src\\Illuminate\\Foundation\\Http\\Middleware\\TrimStrings.php(51): Illuminate\\Foundation\\Http\\Middleware\\TransformsRequest->handle(Object(Illuminate\\Http\\Request), Object(Closure))
#34 E:\\ITTS\\Semester 3\\PAW\\PAWcode\\laravel\\modul6framework\\vendor\\laravel\\framework\\src\\Illuminate\\Pipeline\\Pipeline.php(183): Illuminate\\Foundation\\Http\\Middleware\\TrimStrings->handle(Object(Illuminate\\Http\\Request), Object(Closure))
#35 E:\\ITTS\\Semester 3\\PAW\\PAWcode\\laravel\\modul6framework\\vendor\\laravel\\framework\\src\\Illuminate\\Http\\Middleware\\ValidatePostSize.php(27): Illuminate\\Pipeline\\Pipeline->Illuminate\\Pipeline\\{closure}(Object(Illuminate\\Http\\Request))
#36 E:\\ITTS\\Semester 3\\PAW\\PAWcode\\laravel\\modul6framework\\vendor\\laravel\\framework\\src\\Illuminate\\Pipeline\\Pipeline.php(183): Illuminate\\Http\\Middleware\\ValidatePostSize->handle(Object(Illuminate\\Http\\Request), Object(Closure))
#37 E:\\ITTS\\Semester 3\\PAW\\PAWcode\\laravel\\modul6framework\\vendor\\laravel\\framework\\src\\Illuminate\\Foundation\\Http\\Middleware\\PreventRequestsDuringMaintenance.php(110): Illuminate\\Pipeline\\Pipeline->Illuminate\\Pipeline\\{closure}(Object(Illuminate\\Http\\Request))
#38 E:\\ITTS\\Semester 3\\PAW\\PAWcode\\laravel\\modul6framework\\vendor\\laravel\\framework\\src\\Illuminate\\Pipeline\\Pipeline.php(183): Illuminate\\Foundation\\Http\\Middleware\\PreventRequestsDuringMaintenance->handle(Object(Illuminate\\Http\\Request), Object(Closure))
#39 E:\\ITTS\\Semester 3\\PAW\\PAWcode\\laravel\\modul6framework\\vendor\\laravel\\framework\\src\\Illuminate\\Http\\Middleware\\HandleCors.php(49): Illuminate\\Pipeline\\Pipeline->Illuminate\\Pipeline\\{closure}(Object(Illuminate\\Http\\Request))
#40 E:\\ITTS\\Semester 3\\PAW\\PAWcode\\laravel\\modul6framework\\vendor\\laravel\\framework\\src\\Illuminate\\Pipeline\\Pipeline.php(183): Illuminate\\Http\\Middleware\\HandleCors->handle(Object(Illuminate\\Http\\Request), Object(Closure))
#41 E:\\ITTS\\Semester 3\\PAW\\PAWcode\\laravel\\modul6framework\\vendor\\laravel\\framework\\src\\Illuminate\\Http\\Middleware\\TrustProxies.php(58): Illuminate\\Pipeline\\Pipeline->Illuminate\\Pipeline\\{closure}(Object(Illuminate\\Http\\Request))
#42 E:\\ITTS\\Semester 3\\PAW\\PAWcode\\laravel\\modul6framework\\vendor\\laravel\\framework\\src\\Illuminate\\Pipeline\\Pipeline.php(183): Illuminate\\Http\\Middleware\\TrustProxies->handle(Object(Illuminate\\Http\\Request), Object(Closure))
#43 E:\\ITTS\\Semester 3\\PAW\\PAWcode\\laravel\\modul6framework\\vendor\\laravel\\framework\\src\\Illuminate\\Foundation\\Http\\Middleware\\InvokeDeferredCallbacks.php(22): Illuminate\\Pipeline\\Pipeline->Illuminate\\Pipeline\\{closure}(Object(Illuminate\\Http\\Request))
#44 E:\\ITTS\\Semester 3\\PAW\\PAWcode\\laravel\\modul6framework\\vendor\\laravel\\framework\\src\\Illuminate\\Pipeline\\Pipeline.php(183): Illuminate\\Foundation\\Http\\Middleware\\InvokeDeferredCallbacks->handle(Object(Illuminate\\Http\\Request), Object(Closure))
#45 E:\\ITTS\\Semester 3\\PAW\\PAWcode\\laravel\\modul6framework\\vendor\\laravel\\framework\\src\\Illuminate\\Pipeline\\Pipeline.php(119): Illuminate\\Pipeline\\Pipeline->Illuminate\\Pipeline\\{closure}(Object(Illuminate\\Http\\Request))
#46 E:\\ITTS\\Semester 3\\PAW\\PAWcode\\laravel\\modul6framework\\vendor\\laravel\\framework\\src\\Illuminate\\Foundation\\Http\\Kernel.php(176): Illuminate\\Pipeline\\Pipeline->then(Object(Closure))
#47 E:\\ITTS\\Semester 3\\PAW\\PAWcode\\laravel\\modul6framework\\vendor\\laravel\\framework\\src\\Illuminate\\Foundation\\Http\\Kernel.php(145): Illuminate\\Foundation\\Http\\Kernel->sendRequestThroughRouter(Object(Illuminate\\Http\\Request))
#48 E:\\ITTS\\Semester 3\\PAW\\PAWcode\\laravel\\modul6framework\\vendor\\laravel\\framework\\src\\Illuminate\\Foundation\\Application.php(1190): Illuminate\\Foundation\\Http\\Kernel->handle(Object(Illuminate\\Http\\Request))
#49 E:\\ITTS\\Semester 3\\PAW\\PAWcode\\laravel\\modul6framework\\public\\index.php(17): Illuminate\\Foundation\\Application->handleRequest(Object(Illuminate\\Http\\Request))
#50 E:\\ITTS\\Semester 3\\PAW\\PAWcode\\laravel\\modul6framework\\vendor\\laravel\\framework\\src\\Illuminate\\Foundation\\resources\\server.php(23): require_once('E:\\\\ITTS\\\\Semeste...')
#51 {main}

[previous exception] [object] (PDOException(code: 1049): SQLSTATE[HY000] [1049] Unknown database 'laravel' at E:\\ITTS\\Semester 3\\PAW\\PAWcode\\laravel\\modul6framework\\vendor\\laravel\\framework\\src\\Illuminate\\Database\\Connectors\\Connector.php:66)
[stacktrace]
#0 E:\\ITTS\\Semester 3\\PAW\\PAWcode\\laravel\\modul6framework\\vendor\\laravel\\framework\\src\\Illuminate\\Database\\Connectors\\Connector.php(66): PDO->__construct('mysql:host=127....', 'root', Object(SensitiveParameterValue), Array)
#1 E:\\ITTS\\Semester 3\\PAW\\PAWcode\\laravel\\modul6framework\\vendor\\laravel\\framework\\src\\Illuminate\\Database\\Connectors\\Connector.php(44): Illuminate\\Database\\Connectors\\Connector->createPdoConnection('mysql:host=127....', 'root', Object(SensitiveParameterValue), Array)
#2 E:\\ITTS\\Semester 3\\PAW\\PAWcode\\laravel\\modul6framework\\vendor\\laravel\\framework\\src\\Illuminate\\Database\\Connectors\\MySqlConnector.php(24): Illuminate\\Database\\Connectors\\Connector->createConnection('mysql:host=127....', Array, Array)
#3 E:\\ITTS\\Semester 3\\PAW\\PAWcode\\laravel\\modul6framework\\vendor\\laravel\\framework\\src\\Illuminate\\Database\\Connectors\\ConnectionFactory.php(185): Illuminate\\Database\\Connectors\\MySqlConnector->connect(Array)
#4 [internal function]: Illuminate\\Database\\Connectors\\ConnectionFactory->Illuminate\\Database\\Connectors\\{closure}()
#5 E:\\ITTS\\Semester 3\\PAW\\PAWcode\\laravel\\modul6framework\\vendor\\laravel\\framework\\src\\Illuminate\\Database\\Connection.php(1231): call_user_func(Object(Closure))
#6 E:\\ITTS\\Semester 3\\PAW\\PAWcode\\laravel\\modul6framework\\vendor\\laravel\\framework\\src\\Illuminate\\Database\\Connection.php(1267): Illuminate\\Database\\Connection->getPdo()
#7 E:\\ITTS\\Semester 3\\PAW\\PAWcode\\laravel\\modul6framework\\vendor\\laravel\\framework\\src\\Illuminate\\Database\\Connection.php(512): Illuminate\\Database\\Connection->getReadPdo()
#8 E:\\ITTS\\Semester 3\\PAW\\PAWcode\\laravel\\modul6framework\\vendor\\laravel\\framework\\src\\Illuminate\\Database\\Connection.php(407): Illuminate\\Database\\Connection->getPdoForSelect(true)
#9 E:\\ITTS\\Semester 3\\PAW\\PAWcode\\laravel\\modul6framework\\vendor\\laravel\\framework\\src\\Illuminate\\Database\\Connection.php(812): Illuminate\\Database\\Connection->Illuminate\\Database\\{closure}('select * from `...', Array)
#10 E:\\ITTS\\Semester 3\\PAW\\PAWcode\\laravel\\modul6framework\\vendor\\laravel\\framework\\src\\Illuminate\\Database\\Connection.php(779): Illuminate\\Database\\Connection->runQueryCallback('select * from `...', Array, Object(Closure))
#11 E:\\ITTS\\Semester 3\\PAW\\PAWcode\\laravel\\modul6framework\\vendor\\laravel\\framework\\src\\Illuminate\\Database\\Connection.php(398): Illuminate\\Database\\Connection->run('select * from `...', Array, Object(Closure))
#12 E:\\ITTS\\Semester 3\\PAW\\PAWcode\\laravel\\modul6framework\\vendor\\laravel\\framework\\src\\Illuminate\\Database\\Query\\Builder.php(3133): Illuminate\\Database\\Connection->select('select * from `...', Array, true)
#13 E:\\ITTS\\Semester 3\\PAW\\PAWcode\\laravel\\modul6framework\\vendor\\laravel\\framework\\src\\Illuminate\\Database\\Query\\Builder.php(3118): Illuminate\\Database\\Query\\Builder->runSelect()
#14 E:\\ITTS\\Semester 3\\PAW\\PAWcode\\laravel\\modul6framework\\vendor\\laravel\\framework\\src\\Illuminate\\Database\\Query\\Builder.php(3706): Illuminate\\Database\\Query\\Builder->Illuminate\\Database\\Query\\{closure}()
#15 E:\\ITTS\\Semester 3\\PAW\\PAWcode\\laravel\\modul6framework\\vendor\\laravel\\framework\\src\\Illuminate\\Database\\Query\\Builder.php(3117): Illuminate\\Database\\Query\\Builder->onceWithColumns(Array, Object(Closure))
#16 E:\\ITTS\\Semester 3\\PAW\\PAWcode\\laravel\\modul6framework\\vendor\\laravel\\framework\\src\\Illuminate\\Database\\Concerns\\BuildsQueries.php(344): Illuminate\\Database\\Query\\Builder->get(Array)
#17 E:\\ITTS\\Semester 3\\PAW\\PAWcode\\laravel\\modul6framework\\vendor\\laravel\\framework\\src\\Illuminate\\Database\\Query\\Builder.php(3038): Illuminate\\Database\\Query\\Builder->first(Array)
#18 E:\\ITTS\\Semester 3\\PAW\\PAWcode\\laravel\\modul6framework\\vendor\\laravel\\framework\\src\\Illuminate\\Session\\DatabaseSessionHandler.php(97): Illuminate\\Database\\Query\\Builder->find('SmL0Gk0CGjgW36x...')
#19 E:\\ITTS\\Semester 3\\PAW\\PAWcode\\laravel\\modul6framework\\vendor\\laravel\\framework\\src\\Illuminate\\Session\\Store.php(116): Illuminate\\Session\\DatabaseSessionHandler->read('SmL0Gk0CGjgW36x...')
#20 E:\\ITTS\\Semester 3\\PAW\\PAWcode\\laravel\\modul6framework\\vendor\\laravel\\framework\\src\\Illuminate\\Session\\Store.php(104): Illuminate\\Session\\Store->readFromHandler()
#21 E:\\ITTS\\Semester 3\\PAW\\PAWcode\\laravel\\modul6framework\\vendor\\laravel\\framework\\src\\Illuminate\\Session\\Store.php(88): Illuminate\\Session\\Store->loadSession()
#22 E:\\ITTS\\Semester 3\\PAW\\PAWcode\\laravel\\modul6framework\\vendor\\laravel\\framework\\src\\Illuminate\\Session\\Middleware\\StartSession.php(147): Illuminate\\Session\\Store->start()
#23 E:\\ITTS\\Semester 3\\PAW\\PAWcode\\laravel\\modul6framework\\vendor\\laravel\\framework\\src\\Illuminate\\Support\\helpers.php(399): Illuminate\\Session\\Middleware\\StartSession->Illuminate\\Session\\Middleware\\{closure}(Object(Illuminate\\Session\\Store))
#24 E:\\ITTS\\Semester 3\\PAW\\PAWcode\\laravel\\modul6framework\\vendor\\laravel\\framework\\src\\Illuminate\\Session\\Middleware\\StartSession.php(144): tap(Object(Illuminate\\Session\\Store), Object(Closure))
#25 E:\\ITTS\\Semester 3\\PAW\\PAWcode\\laravel\\modul6framework\\vendor\\laravel\\framework\\src\\Illuminate\\Session\\Middleware\\StartSession.php(116): Illuminate\\Session\\Middleware\\StartSession->startSession(Object(Illuminate\\Http\\Request), Object(Illuminate\\Session\\Store))
#26 E:\\ITTS\\Semester 3\\PAW\\PAWcode\\laravel\\modul6framework\\vendor\\laravel\\framework\\src\\Illuminate\\Session\\Middleware\\StartSession.php(64): Illuminate\\Session\\Middleware\\StartSession->handleStatefulRequest(Object(Illuminate\\Http\\Request), Object(Illuminate\\Session\\Store), Object(Closure))
#27 E:\\ITTS\\Semester 3\\PAW\\PAWcode\\laravel\\modul6framework\\vendor\\laravel\\framework\\src\\Illuminate\\Pipeline\\Pipeline.php(183): Illuminate\\Session\\Middleware\\StartSession->handle(Object(Illuminate\\Http\\Request), Object(Closure))
#28 E:\\ITTS\\Semester 3\\PAW\\PAWcode\\laravel\\modul6framework\\vendor\\laravel\\framework\\src\\Illuminate\\Cookie\\Middleware\\AddQueuedCookiesToResponse.php(37): Illuminate\\Pipeline\\Pipeline->Illuminate\\Pipeline\\{closure}(Object(Illuminate\\Http\\Request))
#29 E:\\ITTS\\Semester 3\\PAW\\PAWcode\\laravel\\modul6framework\\vendor\\laravel\\framework\\src\\Illuminate\\Pipeline\\Pipeline.php(183): Illuminate\\Cookie\\Middleware\\AddQueuedCookiesToResponse->handle(Object(Illuminate\\Http\\Request), Object(Closure))
#30 E:\\ITTS\\Semester 3\\PAW\\PAWcode\\laravel\\modul6framework\\vendor\\laravel\\framework\\src\\Illuminate\\Cookie\\Middleware\\EncryptCookies.php(75): Illuminate\\Pipeline\\Pipeline->Illuminate\\Pipeline\\{closure}(Object(Illuminate\\Http\\Request))
#31 E:\\ITTS\\Semester 3\\PAW\\PAWcode\\laravel\\modul6framework\\vendor\\laravel\\framework\\src\\Illuminate\\Pipeline\\Pipeline.php(183): Illuminate\\Cookie\\Middleware\\EncryptCookies->handle(Object(Illuminate\\Http\\Request), Object(Closure))
#32 E:\\ITTS\\Semester 3\\PAW\\PAWcode\\laravel\\modul6framework\\vendor\\laravel\\framework\\src\\Illuminate\\Pipeline\\Pipeline.php(119): Illuminate\\Pipeline\\Pipeline->Illuminate\\Pipeline\\{closure}(Object(Illuminate\\Http\\Request))
#33 E:\\ITTS\\Semester 3\\PAW\\PAWcode\\laravel\\modul6framework\\vendor\\laravel\\framework\\src\\Illuminate\\Routing\\Router.php(807): Illuminate\\Pipeline\\Pipeline->then(Object(Closure))
#34 E:\\ITTS\\Semester 3\\PAW\\PAWcode\\laravel\\modul6framework\\vendor\\laravel\\framework\\src\\Illuminate\\Routing\\Router.php(786): Illuminate\\Routing\\Router->runRouteWithinStack(Object(Illuminate\\Routing\\Route), Object(Illuminate\\Http\\Request))
#35 E:\\ITTS\\Semester 3\\PAW\\PAWcode\\laravel\\modul6framework\\vendor\\laravel\\framework\\src\\Illuminate\\Routing\\Router.php(750): Illuminate\\Routing\\Router->runRoute(Object(Illuminate\\Http\\Request), Object(Illuminate\\Routing\\Route))
#36 E:\\ITTS\\Semester 3\\PAW\\PAWcode\\laravel\\modul6framework\\vendor\\laravel\\framework\\src\\Illuminate\\Routing\\Router.php(739): Illuminate\\Routing\\Router->dispatchToRoute(Object(Illuminate\\Http\\Request))
#37 E:\\ITTS\\Semester 3\\PAW\\PAWcode\\laravel\\modul6framework\\vendor\\laravel\\framework\\src\\Illuminate\\Foundation\\Http\\Kernel.php(201): Illuminate\\Routing\\Router->dispatch(Object(Illuminate\\Http\\Request))
#38 E:\\ITTS\\Semester 3\\PAW\\PAWcode\\laravel\\modul6framework\\vendor\\laravel\\framework\\src\\Illuminate\\Pipeline\\Pipeline.php(144): Illuminate\\Foundation\\Http\\Kernel->Illuminate\\Foundation\\Http\\{closure}(Object(Illuminate\\Http\\Request))
#39 E:\\ITTS\\Semester 3\\PAW\\PAWcode\\laravel\\modul6framework\\vendor\\laravel\\framework\\src\\Illuminate\\Foundation\\Http\\Middleware\\TransformsRequest.php(21): Illuminate\\Pipeline\\Pipeline->Illuminate\\Pipeline\\{closure}(Object(Illuminate\\Http\\Request))
#40 E:\\ITTS\\Semester 3\\PAW\\PAWcode\\laravel\\modul6framework\\vendor\\laravel\\framework\\src\\Illuminate\\Foundation\\Http\\Middleware\\ConvertEmptyStringsToNull.php(31): Illuminate\\Foundation\\Http\\Middleware\\TransformsRequest->handle(Object(Illuminate\\Http\\Request), Object(Closure))
#41 E:\\ITTS\\Semester 3\\PAW\\PAWcode\\laravel\\modul6framework\\vendor\\laravel\\framework\\src\\Illuminate\\Pipeline\\Pipeline.php(183): Illuminate\\Foundation\\Http\\Middleware\\ConvertEmptyStringsToNull->handle(Object(Illuminate\\Http\\Request), Object(Closure))
#42 E:\\ITTS\\Semester 3\\PAW\\PAWcode\\laravel\\modul6framework\\vendor\\laravel\\framework\\src\\Illuminate\\Foundation\\Http\\Middleware\\TransformsRequest.php(21): Illuminate\\Pipeline\\Pipeline->Illuminate\\Pipeline\\{closure}(Object(Illuminate\\Http\\Request))
#43 E:\\ITTS\\Semester 3\\PAW\\PAWcode\\laravel\\modul6framework\\vendor\\laravel\\framework\\src\\Illuminate\\Foundation\\Http\\Middleware\\TrimStrings.php(51): Illuminate\\Foundation\\Http\\Middleware\\TransformsRequest->handle(Object(Illuminate\\Http\\Request), Object(Closure))
#44 E:\\ITTS\\Semester 3\\PAW\\PAWcode\\laravel\\modul6framework\\vendor\\laravel\\framework\\src\\Illuminate\\Pipeline\\Pipeline.php(183): Illuminate\\Foundation\\Http\\Middleware\\TrimStrings->handle(Object(Illuminate\\Http\\Request), Object(Closure))
#45 E:\\ITTS\\Semester 3\\PAW\\PAWcode\\laravel\\modul6framework\\vendor\\laravel\\framework\\src\\Illuminate\\Http\\Middleware\\ValidatePostSize.php(27): Illuminate\\Pipeline\\Pipeline->Illuminate\\Pipeline\\{closure}(Object(Illuminate\\Http\\Request))
#46 E:\\ITTS\\Semester 3\\PAW\\PAWcode\\laravel\\modul6framework\\vendor\\laravel\\framework\\src\\Illuminate\\Pipeline\\Pipeline.php(183): Illuminate\\Http\\Middleware\\ValidatePostSize->handle(Object(Illuminate\\Http\\Request), Object(Closure))
#47 E:\\ITTS\\Semester 3\\PAW\\PAWcode\\laravel\\modul6framework\\vendor\\laravel\\framework\\src\\Illuminate\\Foundation\\Http\\Middleware\\PreventRequestsDuringMaintenance.php(110): Illuminate\\Pipeline\\Pipeline->Illuminate\\Pipeline\\{closure}(Object(Illuminate\\Http\\Request))
#48 E:\\ITTS\\Semester 3\\PAW\\PAWcode\\laravel\\modul6framework\\vendor\\laravel\\framework\\src\\Illuminate\\Pipeline\\Pipeline.php(183): Illuminate\\Foundation\\Http\\Middleware\\PreventRequestsDuringMaintenance->handle(Object(Illuminate\\Http\\Request), Object(Closure))
#49 E:\\ITTS\\Semester 3\\PAW\\PAWcode\\laravel\\modul6framework\\vendor\\laravel\\framework\\src\\Illuminate\\Http\\Middleware\\HandleCors.php(49): Illuminate\\Pipeline\\Pipeline->Illuminate\\Pipeline\\{closure}(Object(Illuminate\\Http\\Request))
#50 E:\\ITTS\\Semester 3\\PAW\\PAWcode\\laravel\\modul6framework\\vendor\\laravel\\framework\\src\\Illuminate\\Pipeline\\Pipeline.php(183): Illuminate\\Http\\Middleware\\HandleCors->handle(Object(Illuminate\\Http\\Request), Object(Closure))
#51 E:\\ITTS\\Semester 3\\PAW\\PAWcode\\laravel\\modul6framework\\vendor\\laravel\\framework\\src\\Illuminate\\Http\\Middleware\\TrustProxies.php(58): Illuminate\\Pipeline\\Pipeline->Illuminate\\Pipeline\\{closure}(Object(Illuminate\\Http\\Request))
#52 E:\\ITTS\\Semester 3\\PAW\\PAWcode\\laravel\\modul6framework\\vendor\\laravel\\framework\\src\\Illuminate\\Pipeline\\Pipeline.php(183): Illuminate\\Http\\Middleware\\TrustProxies->handle(Object(Illuminate\\Http\\Request), Object(Closure))
#53 E:\\ITTS\\Semester 3\\PAW\\PAWcode\\laravel\\modul6framework\\vendor\\laravel\\framework\\src\\Illuminate\\Foundation\\Http\\Middleware\\InvokeDeferredCallbacks.php(22): Illuminate\\Pipeline\\Pipeline->Illuminate\\Pipeline\\{closure}(Object(Illuminate\\Http\\Request))
#54 E:\\ITTS\\Semester 3\\PAW\\PAWcode\\laravel\\modul6framework\\vendor\\laravel\\framework\\src\\Illuminate\\Pipeline\\Pipeline.php(183): Illuminate\\Foundation\\Http\\Middleware\\InvokeDeferredCallbacks->handle(Object(Illuminate\\Http\\Request), Object(Closure))
#55 E:\\ITTS\\Semester 3\\PAW\\PAWcode\\laravel\\modul6framework\\vendor\\laravel\\framework\\src\\Illuminate\\Pipeline\\Pipeline.php(119): Illuminate\\Pipeline\\Pipeline->Illuminate\\Pipeline\\{closure}(Object(Illuminate\\Http\\Request))
#56 E:\\ITTS\\Semester 3\\PAW\\PAWcode\\laravel\\modul6framework\\vendor\\laravel\\framework\\src\\Illuminate\\Foundation\\Http\\Kernel.php(176): Illuminate\\Pipeline\\Pipeline->then(Object(Closure))
#57 E:\\ITTS\\Semester 3\\PAW\\PAWcode\\laravel\\modul6framework\\vendor\\laravel\\framework\\src\\Illuminate\\Foundation\\Http\\Kernel.php(145): Illuminate\\Foundation\\Http\\Kernel->sendRequestThroughRouter(Object(Illuminate\\Http\\Request))
#58 E:\\ITTS\\Semester 3\\PAW\\PAWcode\\laravel\\modul6framework\\vendor\\laravel\\framework\\src\\Illuminate\\Foundation\\Application.php(1190): Illuminate\\Foundation\\Http\\Kernel->handle(Object(Illuminate\\Http\\Request))
#59 E:\\ITTS\\Semester 3\\PAW\\PAWcode\\laravel\\modul6framework\\public\\index.php(17): Illuminate\\Foundation\\Application->handleRequest(Object(Illuminate\\Http\\Request))
#60 E:\\ITTS\\Semester 3\\PAW\\PAWcode\\laravel\\modul6framework\\vendor\\laravel\\framework\\src\\Illuminate\\Foundation\\resources\\server.php(23): require_once('E:\\\\ITTS\\\\Semeste...')
#61 {main}
"} 
[2025-01-08 11:34:21] local.ERROR: SQLSTATE[HY000] [1049] Unknown database 'laravel' (Connection: mysql, SQL: select * from `sessions` where `id` = SmL0Gk0CGjgW36xDFZ7xu9GQQ0NKo6ZjbgnYvole limit 1) {"exception":"[object] (Illuminate\\Database\\QueryException(code: 1049): SQLSTATE[HY000] [1049] Unknown database 'laravel' (Connection: mysql, SQL: select * from `sessions` where `id` = SmL0Gk0CGjgW36xDFZ7xu9GQQ0NKo6ZjbgnYvole limit 1) at E:\\ITTS\\Semester 3\\PAW\\PAWcode\\laravel\\modul6framework\\vendor\\laravel\\framework\\src\\Illuminate\\Database\\Connection.php:825)
[stacktrace]
#0 E:\\ITTS\\Semester 3\\PAW\\PAWcode\\laravel\\modul6framework\\vendor\\laravel\\framework\\src\\Illuminate\\Database\\Connection.php(779): Illuminate\\Database\\Connection->runQueryCallback('select * from `...', Array, Object(Closure))
#1 E:\\ITTS\\Semester 3\\PAW\\PAWcode\\laravel\\modul6framework\\vendor\\laravel\\framework\\src\\Illuminate\\Database\\Connection.php(398): Illuminate\\Database\\Connection->run('select * from `...', Array, Object(Closure))
#2 E:\\ITTS\\Semester 3\\PAW\\PAWcode\\laravel\\modul6framework\\vendor\\laravel\\framework\\src\\Illuminate\\Database\\Query\\Builder.php(3133): Illuminate\\Database\\Connection->select('select * from `...', Array, true)
#3 E:\\ITTS\\Semester 3\\PAW\\PAWcode\\laravel\\modul6framework\\vendor\\laravel\\framework\\src\\Illuminate\\Database\\Query\\Builder.php(3118): Illuminate\\Database\\Query\\Builder->runSelect()
#4 E:\\ITTS\\Semester 3\\PAW\\PAWcode\\laravel\\modul6framework\\vendor\\laravel\\framework\\src\\Illuminate\\Database\\Query\\Builder.php(3706): Illuminate\\Database\\Query\\Builder->Illuminate\\Database\\Query\\{closure}()
#5 E:\\ITTS\\Semester 3\\PAW\\PAWcode\\laravel\\modul6framework\\vendor\\laravel\\framework\\src\\Illuminate\\Database\\Query\\Builder.php(3117): Illuminate\\Database\\Query\\Builder->onceWithColumns(Array, Object(Closure))
#6 E:\\ITTS\\Semester 3\\PAW\\PAWcode\\laravel\\modul6framework\\vendor\\laravel\\framework\\src\\Illuminate\\Database\\Concerns\\BuildsQueries.php(344): Illuminate\\Database\\Query\\Builder->get(Array)
#7 E:\\ITTS\\Semester 3\\PAW\\PAWcode\\laravel\\modul6framework\\vendor\\laravel\\framework\\src\\Illuminate\\Database\\Query\\Builder.php(3038): Illuminate\\Database\\Query\\Builder->first(Array)
#8 E:\\ITTS\\Semester 3\\PAW\\PAWcode\\laravel\\modul6framework\\vendor\\laravel\\framework\\src\\Illuminate\\Session\\DatabaseSessionHandler.php(97): Illuminate\\Database\\Query\\Builder->find('SmL0Gk0CGjgW36x...')
#9 E:\\ITTS\\Semester 3\\PAW\\PAWcode\\laravel\\modul6framework\\vendor\\laravel\\framework\\src\\Illuminate\\Session\\Store.php(116): Illuminate\\Session\\DatabaseSessionHandler->read('SmL0Gk0CGjgW36x...')
#10 E:\\ITTS\\Semester 3\\PAW\\PAWcode\\laravel\\modul6framework\\vendor\\laravel\\framework\\src\\Illuminate\\Session\\Store.php(104): Illuminate\\Session\\Store->readFromHandler()
#11 E:\\ITTS\\Semester 3\\PAW\\PAWcode\\laravel\\modul6framework\\vendor\\laravel\\framework\\src\\Illuminate\\Session\\Store.php(88): Illuminate\\Session\\Store->loadSession()
#12 E:\\ITTS\\Semester 3\\PAW\\PAWcode\\laravel\\modul6framework\\vendor\\laravel\\framework\\src\\Illuminate\\Session\\Middleware\\StartSession.php(147): Illuminate\\Session\\Store->start()
#13 E:\\ITTS\\Semester 3\\PAW\\PAWcode\\laravel\\modul6framework\\vendor\\laravel\\framework\\src\\Illuminate\\Support\\helpers.php(399): Illuminate\\Session\\Middleware\\StartSession->Illuminate\\Session\\Middleware\\{closure}(Object(Illuminate\\Session\\Store))
#14 E:\\ITTS\\Semester 3\\PAW\\PAWcode\\laravel\\modul6framework\\vendor\\laravel\\framework\\src\\Illuminate\\Session\\Middleware\\StartSession.php(144): tap(Object(Illuminate\\Session\\Store), Object(Closure))
#15 E:\\ITTS\\Semester 3\\PAW\\PAWcode\\laravel\\modul6framework\\vendor\\laravel\\framework\\src\\Illuminate\\Session\\Middleware\\StartSession.php(116): Illuminate\\Session\\Middleware\\StartSession->startSession(Object(Illuminate\\Http\\Request), Object(Illuminate\\Session\\Store))
#16 E:\\ITTS\\Semester 3\\PAW\\PAWcode\\laravel\\modul6framework\\vendor\\laravel\\framework\\src\\Illuminate\\Session\\Middleware\\StartSession.php(64): Illuminate\\Session\\Middleware\\StartSession->handleStatefulRequest(Object(Illuminate\\Http\\Request), Object(Illuminate\\Session\\Store), Object(Closure))
#17 E:\\ITTS\\Semester 3\\PAW\\PAWcode\\laravel\\modul6framework\\vendor\\laravel\\framework\\src\\Illuminate\\Pipeline\\Pipeline.php(183): Illuminate\\Session\\Middleware\\StartSession->handle(Object(Illuminate\\Http\\Request), Object(Closure))
#18 E:\\ITTS\\Semester 3\\PAW\\PAWcode\\laravel\\modul6framework\\vendor\\laravel\\framework\\src\\Illuminate\\Cookie\\Middleware\\AddQueuedCookiesToResponse.php(37): Illuminate\\Pipeline\\Pipeline->Illuminate\\Pipeline\\{closure}(Object(Illuminate\\Http\\Request))
#19 E:\\ITTS\\Semester 3\\PAW\\PAWcode\\laravel\\modul6framework\\vendor\\laravel\\framework\\src\\Illuminate\\Pipeline\\Pipeline.php(183): Illuminate\\Cookie\\Middleware\\AddQueuedCookiesToResponse->handle(Object(Illuminate\\Http\\Request), Object(Closure))
#20 E:\\ITTS\\Semester 3\\PAW\\PAWcode\\laravel\\modul6framework\\vendor\\laravel\\framework\\src\\Illuminate\\Cookie\\Middleware\\EncryptCookies.php(75): Illuminate\\Pipeline\\Pipeline->Illuminate\\Pipeline\\{closure}(Object(Illuminate\\Http\\Request))
#21 E:\\ITTS\\Semester 3\\PAW\\PAWcode\\laravel\\modul6framework\\vendor\\laravel\\framework\\src\\Illuminate\\Pipeline\\Pipeline.php(183): Illuminate\\Cookie\\Middleware\\EncryptCookies->handle(Object(Illuminate\\Http\\Request), Object(Closure))
#22 E:\\ITTS\\Semester 3\\PAW\\PAWcode\\laravel\\modul6framework\\vendor\\laravel\\framework\\src\\Illuminate\\Pipeline\\Pipeline.php(119): Illuminate\\Pipeline\\Pipeline->Illuminate\\Pipeline\\{closure}(Object(Illuminate\\Http\\Request))
#23 E:\\ITTS\\Semester 3\\PAW\\PAWcode\\laravel\\modul6framework\\vendor\\laravel\\framework\\src\\Illuminate\\Routing\\Router.php(807): Illuminate\\Pipeline\\Pipeline->then(Object(Closure))
#24 E:\\ITTS\\Semester 3\\PAW\\PAWcode\\laravel\\modul6framework\\vendor\\laravel\\framework\\src\\Illuminate\\Routing\\Router.php(786): Illuminate\\Routing\\Router->runRouteWithinStack(Object(Illuminate\\Routing\\Route), Object(Illuminate\\Http\\Request))
#25 E:\\ITTS\\Semester 3\\PAW\\PAWcode\\laravel\\modul6framework\\vendor\\laravel\\framework\\src\\Illuminate\\Routing\\Router.php(750): Illuminate\\Routing\\Router->runRoute(Object(Illuminate\\Http\\Request), Object(Illuminate\\Routing\\Route))
#26 E:\\ITTS\\Semester 3\\PAW\\PAWcode\\laravel\\modul6framework\\vendor\\laravel\\framework\\src\\Illuminate\\Routing\\Router.php(739): Illuminate\\Routing\\Router->dispatchToRoute(Object(Illuminate\\Http\\Request))
#27 E:\\ITTS\\Semester 3\\PAW\\PAWcode\\laravel\\modul6framework\\vendor\\laravel\\framework\\src\\Illuminate\\Foundation\\Http\\Kernel.php(201): Illuminate\\Routing\\Router->dispatch(Object(Illuminate\\Http\\Request))
#28 E:\\ITTS\\Semester 3\\PAW\\PAWcode\\laravel\\modul6framework\\vendor\\laravel\\framework\\src\\Illuminate\\Pipeline\\Pipeline.php(144): Illuminate\\Foundation\\Http\\Kernel->Illuminate\\Foundation\\Http\\{closure}(Object(Illuminate\\Http\\Request))
#29 E:\\ITTS\\Semester 3\\PAW\\PAWcode\\laravel\\modul6framework\\vendor\\laravel\\framework\\src\\Illuminate\\Foundation\\Http\\Middleware\\TransformsRequest.php(21): Illuminate\\Pipeline\\Pipeline->Illuminate\\Pipeline\\{closure}(Object(Illuminate\\Http\\Request))
#30 E:\\ITTS\\Semester 3\\PAW\\PAWcode\\laravel\\modul6framework\\vendor\\laravel\\framework\\src\\Illuminate\\Foundation\\Http\\Middleware\\ConvertEmptyStringsToNull.php(31): Illuminate\\Foundation\\Http\\Middleware\\TransformsRequest->handle(Object(Illuminate\\Http\\Request), Object(Closure))
#31 E:\\ITTS\\Semester 3\\PAW\\PAWcode\\laravel\\modul6framework\\vendor\\laravel\\framework\\src\\Illuminate\\Pipeline\\Pipeline.php(183): Illuminate\\Foundation\\Http\\Middleware\\ConvertEmptyStringsToNull->handle(Object(Illuminate\\Http\\Request), Object(Closure))
#32 E:\\ITTS\\Semester 3\\PAW\\PAWcode\\laravel\\modul6framework\\vendor\\laravel\\framework\\src\\Illuminate\\Foundation\\Http\\Middleware\\TransformsRequest.php(21): Illuminate\\Pipeline\\Pipeline->Illuminate\\Pipeline\\{closure}(Object(Illuminate\\Http\\Request))
#33 E:\\ITTS\\Semester 3\\PAW\\PAWcode\\laravel\\modul6framework\\vendor\\laravel\\framework\\src\\Illuminate\\Foundation\\Http\\Middleware\\TrimStrings.php(51): Illuminate\\Foundation\\Http\\Middleware\\TransformsRequest->handle(Object(Illuminate\\Http\\Request), Object(Closure))
#34 E:\\ITTS\\Semester 3\\PAW\\PAWcode\\laravel\\modul6framework\\vendor\\laravel\\framework\\src\\Illuminate\\Pipeline\\Pipeline.php(183): Illuminate\\Foundation\\Http\\Middleware\\TrimStrings->handle(Object(Illuminate\\Http\\Request), Object(Closure))
#35 E:\\ITTS\\Semester 3\\PAW\\PAWcode\\laravel\\modul6framework\\vendor\\laravel\\framework\\src\\Illuminate\\Http\\Middleware\\ValidatePostSize.php(27): Illuminate\\Pipeline\\Pipeline->Illuminate\\Pipeline\\{closure}(Object(Illuminate\\Http\\Request))
#36 E:\\ITTS\\Semester 3\\PAW\\PAWcode\\laravel\\modul6framework\\vendor\\laravel\\framework\\src\\Illuminate\\Pipeline\\Pipeline.php(183): Illuminate\\Http\\Middleware\\ValidatePostSize->handle(Object(Illuminate\\Http\\Request), Object(Closure))
#37 E:\\ITTS\\Semester 3\\PAW\\PAWcode\\laravel\\modul6framework\\vendor\\laravel\\framework\\src\\Illuminate\\Foundation\\Http\\Middleware\\PreventRequestsDuringMaintenance.php(110): Illuminate\\Pipeline\\Pipeline->Illuminate\\Pipeline\\{closure}(Object(Illuminate\\Http\\Request))
#38 E:\\ITTS\\Semester 3\\PAW\\PAWcode\\laravel\\modul6framework\\vendor\\laravel\\framework\\src\\Illuminate\\Pipeline\\Pipeline.php(183): Illuminate\\Foundation\\Http\\Middleware\\PreventRequestsDuringMaintenance->handle(Object(Illuminate\\Http\\Request), Object(Closure))
#39 E:\\ITTS\\Semester 3\\PAW\\PAWcode\\laravel\\modul6framework\\vendor\\laravel\\framework\\src\\Illuminate\\Http\\Middleware\\HandleCors.php(49): Illuminate\\Pipeline\\Pipeline->Illuminate\\Pipeline\\{closure}(Object(Illuminate\\Http\\Request))
#40 E:\\ITTS\\Semester 3\\PAW\\PAWcode\\laravel\\modul6framework\\vendor\\laravel\\framework\\src\\Illuminate\\Pipeline\\Pipeline.php(183): Illuminate\\Http\\Middleware\\HandleCors->handle(Object(Illuminate\\Http\\Request), Object(Closure))
#41 E:\\ITTS\\Semester 3\\PAW\\PAWcode\\laravel\\modul6framework\\vendor\\laravel\\framework\\src\\Illuminate\\Http\\Middleware\\TrustProxies.php(58): Illuminate\\Pipeline\\Pipeline->Illuminate\\Pipeline\\{closure}(Object(Illuminate\\Http\\Request))
#42 E:\\ITTS\\Semester 3\\PAW\\PAWcode\\laravel\\modul6framework\\vendor\\laravel\\framework\\src\\Illuminate\\Pipeline\\Pipeline.php(183): Illuminate\\Http\\Middleware\\TrustProxies->handle(Object(Illuminate\\Http\\Request), Object(Closure))
#43 E:\\ITTS\\Semester 3\\PAW\\PAWcode\\laravel\\modul6framework\\vendor\\laravel\\framework\\src\\Illuminate\\Foundation\\Http\\Middleware\\InvokeDeferredCallbacks.php(22): Illuminate\\Pipeline\\Pipeline->Illuminate\\Pipeline\\{closure}(Object(Illuminate\\Http\\Request))
#44 E:\\ITTS\\Semester 3\\PAW\\PAWcode\\laravel\\modul6framework\\vendor\\laravel\\framework\\src\\Illuminate\\Pipeline\\Pipeline.php(183): Illuminate\\Foundation\\Http\\Middleware\\InvokeDeferredCallbacks->handle(Object(Illuminate\\Http\\Request), Object(Closure))
#45 E:\\ITTS\\Semester 3\\PAW\\PAWcode\\laravel\\modul6framework\\vendor\\laravel\\framework\\src\\Illuminate\\Pipeline\\Pipeline.php(119): Illuminate\\Pipeline\\Pipeline->Illuminate\\Pipeline\\{closure}(Object(Illuminate\\Http\\Request))
#46 E:\\ITTS\\Semester 3\\PAW\\PAWcode\\laravel\\modul6framework\\vendor\\laravel\\framework\\src\\Illuminate\\Foundation\\Http\\Kernel.php(176): Illuminate\\Pipeline\\Pipeline->then(Object(Closure))
#47 E:\\ITTS\\Semester 3\\PAW\\PAWcode\\laravel\\modul6framework\\vendor\\laravel\\framework\\src\\Illuminate\\Foundation\\Http\\Kernel.php(145): Illuminate\\Foundation\\Http\\Kernel->sendRequestThroughRouter(Object(Illuminate\\Http\\Request))
#48 E:\\ITTS\\Semester 3\\PAW\\PAWcode\\laravel\\modul6framework\\vendor\\laravel\\framework\\src\\Illuminate\\Foundation\\Application.php(1190): Illuminate\\Foundation\\Http\\Kernel->handle(Object(Illuminate\\Http\\Request))
#49 E:\\ITTS\\Semester 3\\PAW\\PAWcode\\laravel\\modul6framework\\public\\index.php(17): Illuminate\\Foundation\\Application->handleRequest(Object(Illuminate\\Http\\Request))
#50 E:\\ITTS\\Semester 3\\PAW\\PAWcode\\laravel\\modul6framework\\vendor\\laravel\\framework\\src\\Illuminate\\Foundation\\resources\\server.php(23): require_once('E:\\\\ITTS\\\\Semeste...')
#51 {main}

[previous exception] [object] (PDOException(code: 1049): SQLSTATE[HY000] [1049] Unknown database 'laravel' at E:\\ITTS\\Semester 3\\PAW\\PAWcode\\laravel\\modul6framework\\vendor\\laravel\\framework\\src\\Illuminate\\Database\\Connectors\\Connector.php:66)
[stacktrace]
#0 E:\\ITTS\\Semester 3\\PAW\\PAWcode\\laravel\\modul6framework\\vendor\\laravel\\framework\\src\\Illuminate\\Database\\Connectors\\Connector.php(66): PDO->__construct('mysql:host=127....', 'root', Object(SensitiveParameterValue), Array)
#1 E:\\ITTS\\Semester 3\\PAW\\PAWcode\\laravel\\modul6framework\\vendor\\laravel\\framework\\src\\Illuminate\\Database\\Connectors\\Connector.php(44): Illuminate\\Database\\Connectors\\Connector->createPdoConnection('mysql:host=127....', 'root', Object(SensitiveParameterValue), Array)
#2 E:\\ITTS\\Semester 3\\PAW\\PAWcode\\laravel\\modul6framework\\vendor\\laravel\\framework\\src\\Illuminate\\Database\\Connectors\\MySqlConnector.php(24): Illuminate\\Database\\Connectors\\Connector->createConnection('mysql:host=127....', Array, Array)
#3 E:\\ITTS\\Semester 3\\PAW\\PAWcode\\laravel\\modul6framework\\vendor\\laravel\\framework\\src\\Illuminate\\Database\\Connectors\\ConnectionFactory.php(185): Illuminate\\Database\\Connectors\\MySqlConnector->connect(Array)
#4 [internal function]: Illuminate\\Database\\Connectors\\ConnectionFactory->Illuminate\\Database\\Connectors\\{closure}()
#5 E:\\ITTS\\Semester 3\\PAW\\PAWcode\\laravel\\modul6framework\\vendor\\laravel\\framework\\src\\Illuminate\\Database\\Connection.php(1231): call_user_func(Object(Closure))
#6 E:\\ITTS\\Semester 3\\PAW\\PAWcode\\laravel\\modul6framework\\vendor\\laravel\\framework\\src\\Illuminate\\Database\\Connection.php(1267): Illuminate\\Database\\Connection->getPdo()
#7 E:\\ITTS\\Semester 3\\PAW\\PAWcode\\laravel\\modul6framework\\vendor\\laravel\\framework\\src\\Illuminate\\Database\\Connection.php(512): Illuminate\\Database\\Connection->getReadPdo()
#8 E:\\ITTS\\Semester 3\\PAW\\PAWcode\\laravel\\modul6framework\\vendor\\laravel\\framework\\src\\Illuminate\\Database\\Connection.php(407): Illuminate\\Database\\Connection->getPdoForSelect(true)
#9 E:\\ITTS\\Semester 3\\PAW\\PAWcode\\laravel\\modul6framework\\vendor\\laravel\\framework\\src\\Illuminate\\Database\\Connection.php(812): Illuminate\\Database\\Connection->Illuminate\\Database\\{closure}('select * from `...', Array)
#10 E:\\ITTS\\Semester 3\\PAW\\PAWcode\\laravel\\modul6framework\\vendor\\laravel\\framework\\src\\Illuminate\\Database\\Connection.php(779): Illuminate\\Database\\Connection->runQueryCallback('select * from `...', Array, Object(Closure))
#11 E:\\ITTS\\Semester 3\\PAW\\PAWcode\\laravel\\modul6framework\\vendor\\laravel\\framework\\src\\Illuminate\\Database\\Connection.php(398): Illuminate\\Database\\Connection->run('select * from `...', Array, Object(Closure))
#12 E:\\ITTS\\Semester 3\\PAW\\PAWcode\\laravel\\modul6framework\\vendor\\laravel\\framework\\src\\Illuminate\\Database\\Query\\Builder.php(3133): Illuminate\\Database\\Connection->select('select * from `...', Array, true)
#13 E:\\ITTS\\Semester 3\\PAW\\PAWcode\\laravel\\modul6framework\\vendor\\laravel\\framework\\src\\Illuminate\\Database\\Query\\Builder.php(3118): Illuminate\\Database\\Query\\Builder->runSelect()
#14 E:\\ITTS\\Semester 3\\PAW\\PAWcode\\laravel\\modul6framework\\vendor\\laravel\\framework\\src\\Illuminate\\Database\\Query\\Builder.php(3706): Illuminate\\Database\\Query\\Builder->Illuminate\\Database\\Query\\{closure}()
#15 E:\\ITTS\\Semester 3\\PAW\\PAWcode\\laravel\\modul6framework\\vendor\\laravel\\framework\\src\\Illuminate\\Database\\Query\\Builder.php(3117): Illuminate\\Database\\Query\\Builder->onceWithColumns(Array, Object(Closure))
#16 E:\\ITTS\\Semester 3\\PAW\\PAWcode\\laravel\\modul6framework\\vendor\\laravel\\framework\\src\\Illuminate\\Database\\Concerns\\BuildsQueries.php(344): Illuminate\\Database\\Query\\Builder->get(Array)
#17 E:\\ITTS\\Semester 3\\PAW\\PAWcode\\laravel\\modul6framework\\vendor\\laravel\\framework\\src\\Illuminate\\Database\\Query\\Builder.php(3038): Illuminate\\Database\\Query\\Builder->first(Array)
#18 E:\\ITTS\\Semester 3\\PAW\\PAWcode\\laravel\\modul6framework\\vendor\\laravel\\framework\\src\\Illuminate\\Session\\DatabaseSessionHandler.php(97): Illuminate\\Database\\Query\\Builder->find('SmL0Gk0CGjgW36x...')
#19 E:\\ITTS\\Semester 3\\PAW\\PAWcode\\laravel\\modul6framework\\vendor\\laravel\\framework\\src\\Illuminate\\Session\\Store.php(116): Illuminate\\Session\\DatabaseSessionHandler->read('SmL0Gk0CGjgW36x...')
#20 E:\\ITTS\\Semester 3\\PAW\\PAWcode\\laravel\\modul6framework\\vendor\\laravel\\framework\\src\\Illuminate\\Session\\Store.php(104): Illuminate\\Session\\Store->readFromHandler()
#21 E:\\ITTS\\Semester 3\\PAW\\PAWcode\\laravel\\modul6framework\\vendor\\laravel\\framework\\src\\Illuminate\\Session\\Store.php(88): Illuminate\\Session\\Store->loadSession()
#22 E:\\ITTS\\Semester 3\\PAW\\PAWcode\\laravel\\modul6framework\\vendor\\laravel\\framework\\src\\Illuminate\\Session\\Middleware\\StartSession.php(147): Illuminate\\Session\\Store->start()
#23 E:\\ITTS\\Semester 3\\PAW\\PAWcode\\laravel\\modul6framework\\vendor\\laravel\\framework\\src\\Illuminate\\Support\\helpers.php(399): Illuminate\\Session\\Middleware\\StartSession->Illuminate\\Session\\Middleware\\{closure}(Object(Illuminate\\Session\\Store))
#24 E:\\ITTS\\Semester 3\\PAW\\PAWcode\\laravel\\modul6framework\\vendor\\laravel\\framework\\src\\Illuminate\\Session\\Middleware\\StartSession.php(144): tap(Object(Illuminate\\Session\\Store), Object(Closure))
#25 E:\\ITTS\\Semester 3\\PAW\\PAWcode\\laravel\\modul6framework\\vendor\\laravel\\framework\\src\\Illuminate\\Session\\Middleware\\StartSession.php(116): Illuminate\\Session\\Middleware\\StartSession->startSession(Object(Illuminate\\Http\\Request), Object(Illuminate\\Session\\Store))
#26 E:\\ITTS\\Semester 3\\PAW\\PAWcode\\laravel\\modul6framework\\vendor\\laravel\\framework\\src\\Illuminate\\Session\\Middleware\\StartSession.php(64): Illuminate\\Session\\Middleware\\StartSession->handleStatefulRequest(Object(Illuminate\\Http\\Request), Object(Illuminate\\Session\\Store), Object(Closure))
#27 E:\\ITTS\\Semester 3\\PAW\\PAWcode\\laravel\\modul6framework\\vendor\\laravel\\framework\\src\\Illuminate\\Pipeline\\Pipeline.php(183): Illuminate\\Session\\Middleware\\StartSession->handle(Object(Illuminate\\Http\\Request), Object(Closure))
#28 E:\\ITTS\\Semester 3\\PAW\\PAWcode\\laravel\\modul6framework\\vendor\\laravel\\framework\\src\\Illuminate\\Cookie\\Middleware\\AddQueuedCookiesToResponse.php(37): Illuminate\\Pipeline\\Pipeline->Illuminate\\Pipeline\\{closure}(Object(Illuminate\\Http\\Request))
#29 E:\\ITTS\\Semester 3\\PAW\\PAWcode\\laravel\\modul6framework\\vendor\\laravel\\framework\\src\\Illuminate\\Pipeline\\Pipeline.php(183): Illuminate\\Cookie\\Middleware\\AddQueuedCookiesToResponse->handle(Object(Illuminate\\Http\\Request), Object(Closure))
#30 E:\\ITTS\\Semester 3\\PAW\\PAWcode\\laravel\\modul6framework\\vendor\\laravel\\framework\\src\\Illuminate\\Cookie\\Middleware\\EncryptCookies.php(75): Illuminate\\Pipeline\\Pipeline->Illuminate\\Pipeline\\{closure}(Object(Illuminate\\Http\\Request))
#31 E:\\ITTS\\Semester 3\\PAW\\PAWcode\\laravel\\modul6framework\\vendor\\laravel\\framework\\src\\Illuminate\\Pipeline\\Pipeline.php(183): Illuminate\\Cookie\\Middleware\\EncryptCookies->handle(Object(Illuminate\\Http\\Request), Object(Closure))
#32 E:\\ITTS\\Semester 3\\PAW\\PAWcode\\laravel\\modul6framework\\vendor\\laravel\\framework\\src\\Illuminate\\Pipeline\\Pipeline.php(119): Illuminate\\Pipeline\\Pipeline->Illuminate\\Pipeline\\{closure}(Object(Illuminate\\Http\\Request))
#33 E:\\ITTS\\Semester 3\\PAW\\PAWcode\\laravel\\modul6framework\\vendor\\laravel\\framework\\src\\Illuminate\\Routing\\Router.php(807): Illuminate\\Pipeline\\Pipeline->then(Object(Closure))
#34 E:\\ITTS\\Semester 3\\PAW\\PAWcode\\laravel\\modul6framework\\vendor\\laravel\\framework\\src\\Illuminate\\Routing\\Router.php(786): Illuminate\\Routing\\Router->runRouteWithinStack(Object(Illuminate\\Routing\\Route), Object(Illuminate\\Http\\Request))
#35 E:\\ITTS\\Semester 3\\PAW\\PAWcode\\laravel\\modul6framework\\vendor\\laravel\\framework\\src\\Illuminate\\Routing\\Router.php(750): Illuminate\\Routing\\Router->runRoute(Object(Illuminate\\Http\\Request), Object(Illuminate\\Routing\\Route))
#36 E:\\ITTS\\Semester 3\\PAW\\PAWcode\\laravel\\modul6framework\\vendor\\laravel\\framework\\src\\Illuminate\\Routing\\Router.php(739): Illuminate\\Routing\\Router->dispatchToRoute(Object(Illuminate\\Http\\Request))
#37 E:\\ITTS\\Semester 3\\PAW\\PAWcode\\laravel\\modul6framework\\vendor\\laravel\\framework\\src\\Illuminate\\Foundation\\Http\\Kernel.php(201): Illuminate\\Routing\\Router->dispatch(Object(Illuminate\\Http\\Request))
#38 E:\\ITTS\\Semester 3\\PAW\\PAWcode\\laravel\\modul6framework\\vendor\\laravel\\framework\\src\\Illuminate\\Pipeline\\Pipeline.php(144): Illuminate\\Foundation\\Http\\Kernel->Illuminate\\Foundation\\Http\\{closure}(Object(Illuminate\\Http\\Request))
#39 E:\\ITTS\\Semester 3\\PAW\\PAWcode\\laravel\\modul6framework\\vendor\\laravel\\framework\\src\\Illuminate\\Foundation\\Http\\Middleware\\TransformsRequest.php(21): Illuminate\\Pipeline\\Pipeline->Illuminate\\Pipeline\\{closure}(Object(Illuminate\\Http\\Request))
#40 E:\\ITTS\\Semester 3\\PAW\\PAWcode\\laravel\\modul6framework\\vendor\\laravel\\framework\\src\\Illuminate\\Foundation\\Http\\Middleware\\ConvertEmptyStringsToNull.php(31): Illuminate\\Foundation\\Http\\Middleware\\TransformsRequest->handle(Object(Illuminate\\Http\\Request), Object(Closure))
#41 E:\\ITTS\\Semester 3\\PAW\\PAWcode\\laravel\\modul6framework\\vendor\\laravel\\framework\\src\\Illuminate\\Pipeline\\Pipeline.php(183): Illuminate\\Foundation\\Http\\Middleware\\ConvertEmptyStringsToNull->handle(Object(Illuminate\\Http\\Request), Object(Closure))
#42 E:\\ITTS\\Semester 3\\PAW\\PAWcode\\laravel\\modul6framework\\vendor\\laravel\\framework\\src\\Illuminate\\Foundation\\Http\\Middleware\\TransformsRequest.php(21): Illuminate\\Pipeline\\Pipeline->Illuminate\\Pipeline\\{closure}(Object(Illuminate\\Http\\Request))
#43 E:\\ITTS\\Semester 3\\PAW\\PAWcode\\laravel\\modul6framework\\vendor\\laravel\\framework\\src\\Illuminate\\Foundation\\Http\\Middleware\\TrimStrings.php(51): Illuminate\\Foundation\\Http\\Middleware\\TransformsRequest->handle(Object(Illuminate\\Http\\Request), Object(Closure))
#44 E:\\ITTS\\Semester 3\\PAW\\PAWcode\\laravel\\modul6framework\\vendor\\laravel\\framework\\src\\Illuminate\\Pipeline\\Pipeline.php(183): Illuminate\\Foundation\\Http\\Middleware\\TrimStrings->handle(Object(Illuminate\\Http\\Request), Object(Closure))
#45 E:\\ITTS\\Semester 3\\PAW\\PAWcode\\laravel\\modul6framework\\vendor\\laravel\\framework\\src\\Illuminate\\Http\\Middleware\\ValidatePostSize.php(27): Illuminate\\Pipeline\\Pipeline->Illuminate\\Pipeline\\{closure}(Object(Illuminate\\Http\\Request))
#46 E:\\ITTS\\Semester 3\\PAW\\PAWcode\\laravel\\modul6framework\\vendor\\laravel\\framework\\src\\Illuminate\\Pipeline\\Pipeline.php(183): Illuminate\\Http\\Middleware\\ValidatePostSize->handle(Object(Illuminate\\Http\\Request), Object(Closure))
#47 E:\\ITTS\\Semester 3\\PAW\\PAWcode\\laravel\\modul6framework\\vendor\\laravel\\framework\\src\\Illuminate\\Foundation\\Http\\Middleware\\PreventRequestsDuringMaintenance.php(110): Illuminate\\Pipeline\\Pipeline->Illuminate\\Pipeline\\{closure}(Object(Illuminate\\Http\\Request))
#48 E:\\ITTS\\Semester 3\\PAW\\PAWcode\\laravel\\modul6framework\\vendor\\laravel\\framework\\src\\Illuminate\\Pipeline\\Pipeline.php(183): Illuminate\\Foundation\\Http\\Middleware\\PreventRequestsDuringMaintenance->handle(Object(Illuminate\\Http\\Request), Object(Closure))
#49 E:\\ITTS\\Semester 3\\PAW\\PAWcode\\laravel\\modul6framework\\vendor\\laravel\\framework\\src\\Illuminate\\Http\\Middleware\\HandleCors.php(49): Illuminate\\Pipeline\\Pipeline->Illuminate\\Pipeline\\{closure}(Object(Illuminate\\Http\\Request))
#50 E:\\ITTS\\Semester 3\\PAW\\PAWcode\\laravel\\modul6framework\\vendor\\laravel\\framework\\src\\Illuminate\\Pipeline\\Pipeline.php(183): Illuminate\\Http\\Middleware\\HandleCors->handle(Object(Illuminate\\Http\\Request), Object(Closure))
#51 E:\\ITTS\\Semester 3\\PAW\\PAWcode\\laravel\\modul6framework\\vendor\\laravel\\framework\\src\\Illuminate\\Http\\Middleware\\TrustProxies.php(58): Illuminate\\Pipeline\\Pipeline->Illuminate\\Pipeline\\{closure}(Object(Illuminate\\Http\\Request))
#52 E:\\ITTS\\Semester 3\\PAW\\PAWcode\\laravel\\modul6framework\\vendor\\laravel\\framework\\src\\Illuminate\\Pipeline\\Pipeline.php(183): Illuminate\\Http\\Middleware\\TrustProxies->handle(Object(Illuminate\\Http\\Request), Object(Closure))
#53 E:\\ITTS\\Semester 3\\PAW\\PAWcode\\laravel\\modul6framework\\vendor\\laravel\\framework\\src\\Illuminate\\Foundation\\Http\\Middleware\\InvokeDeferredCallbacks.php(22): Illuminate\\Pipeline\\Pipeline->Illuminate\\Pipeline\\{closure}(Object(Illuminate\\Http\\Request))
#54 E:\\ITTS\\Semester 3\\PAW\\PAWcode\\laravel\\modul6framework\\vendor\\laravel\\framework\\src\\Illuminate\\Pipeline\\Pipeline.php(183): Illuminate\\Foundation\\Http\\Middleware\\InvokeDeferredCallbacks->handle(Object(Illuminate\\Http\\Request), Object(Closure))
#55 E:\\ITTS\\Semester 3\\PAW\\PAWcode\\laravel\\modul6framework\\vendor\\laravel\\framework\\src\\Illuminate\\Pipeline\\Pipeline.php(119): Illuminate\\Pipeline\\Pipeline->Illuminate\\Pipeline\\{closure}(Object(Illuminate\\Http\\Request))
#56 E:\\ITTS\\Semester 3\\PAW\\PAWcode\\laravel\\modul6framework\\vendor\\laravel\\framework\\src\\Illuminate\\Foundation\\Http\\Kernel.php(176): Illuminate\\Pipeline\\Pipeline->then(Object(Closure))
#57 E:\\ITTS\\Semester 3\\PAW\\PAWcode\\laravel\\modul6framework\\vendor\\laravel\\framework\\src\\Illuminate\\Foundation\\Http\\Kernel.php(145): Illuminate\\Foundation\\Http\\Kernel->sendRequestThroughRouter(Object(Illuminate\\Http\\Request))
#58 E:\\ITTS\\Semester 3\\PAW\\PAWcode\\laravel\\modul6framework\\vendor\\laravel\\framework\\src\\Illuminate\\Foundation\\Application.php(1190): Illuminate\\Foundation\\Http\\Kernel->handle(Object(Illuminate\\Http\\Request))
#59 E:\\ITTS\\Semester 3\\PAW\\PAWcode\\laravel\\modul6framework\\public\\index.php(17): Illuminate\\Foundation\\Application->handleRequest(Object(Illuminate\\Http\\Request))
#60 E:\\ITTS\\Semester 3\\PAW\\PAWcode\\laravel\\modul6framework\\vendor\\laravel\\framework\\src\\Illuminate\\Foundation\\resources\\server.php(23): require_once('E:\\\\ITTS\\\\Semeste...')
#61 {main}
"} 
[2025-01-08 11:34:26] local.ERROR: SQLSTATE[HY000] [1045] Access denied for user 'rootDB_PASSWORD='@'localhost' (using password: NO) (Connection: mysql, SQL: select * from `sessions` where `id` = SmL0Gk0CGjgW36xDFZ7xu9GQQ0NKo6ZjbgnYvole limit 1) {"exception":"[object] (Illuminate\\Database\\QueryException(code: 1045): SQLSTATE[HY000] [1045] Access denied for user 'rootDB_PASSWORD='@'localhost' (using password: NO) (Connection: mysql, SQL: select * from `sessions` where `id` = SmL0Gk0CGjgW36xDFZ7xu9GQQ0NKo6ZjbgnYvole limit 1) at E:\\ITTS\\Semester 3\\PAW\\PAWcode\\laravel\\modul6framework\\vendor\\laravel\\framework\\src\\Illuminate\\Database\\Connection.php:825)
[stacktrace]
#0 E:\\ITTS\\Semester 3\\PAW\\PAWcode\\laravel\\modul6framework\\vendor\\laravel\\framework\\src\\Illuminate\\Database\\Connection.php(779): Illuminate\\Database\\Connection->runQueryCallback('select * from `...', Array, Object(Closure))
#1 E:\\ITTS\\Semester 3\\PAW\\PAWcode\\laravel\\modul6framework\\vendor\\laravel\\framework\\src\\Illuminate\\Database\\Connection.php(398): Illuminate\\Database\\Connection->run('select * from `...', Array, Object(Closure))
#2 E:\\ITTS\\Semester 3\\PAW\\PAWcode\\laravel\\modul6framework\\vendor\\laravel\\framework\\src\\Illuminate\\Database\\Query\\Builder.php(3133): Illuminate\\Database\\Connection->select('select * from `...', Array, true)
#3 E:\\ITTS\\Semester 3\\PAW\\PAWcode\\laravel\\modul6framework\\vendor\\laravel\\framework\\src\\Illuminate\\Database\\Query\\Builder.php(3118): Illuminate\\Database\\Query\\Builder->runSelect()
#4 E:\\ITTS\\Semester 3\\PAW\\PAWcode\\laravel\\modul6framework\\vendor\\laravel\\framework\\src\\Illuminate\\Database\\Query\\Builder.php(3706): Illuminate\\Database\\Query\\Builder->Illuminate\\Database\\Query\\{closure}()
#5 E:\\ITTS\\Semester 3\\PAW\\PAWcode\\laravel\\modul6framework\\vendor\\laravel\\framework\\src\\Illuminate\\Database\\Query\\Builder.php(3117): Illuminate\\Database\\Query\\Builder->onceWithColumns(Array, Object(Closure))
#6 E:\\ITTS\\Semester 3\\PAW\\PAWcode\\laravel\\modul6framework\\vendor\\laravel\\framework\\src\\Illuminate\\Database\\Concerns\\BuildsQueries.php(344): Illuminate\\Database\\Query\\Builder->get(Array)
#7 E:\\ITTS\\Semester 3\\PAW\\PAWcode\\laravel\\modul6framework\\vendor\\laravel\\framework\\src\\Illuminate\\Database\\Query\\Builder.php(3038): Illuminate\\Database\\Query\\Builder->first(Array)
#8 E:\\ITTS\\Semester 3\\PAW\\PAWcode\\laravel\\modul6framework\\vendor\\laravel\\framework\\src\\Illuminate\\Session\\DatabaseSessionHandler.php(97): Illuminate\\Database\\Query\\Builder->find('SmL0Gk0CGjgW36x...')
#9 E:\\ITTS\\Semester 3\\PAW\\PAWcode\\laravel\\modul6framework\\vendor\\laravel\\framework\\src\\Illuminate\\Session\\Store.php(116): Illuminate\\Session\\DatabaseSessionHandler->read('SmL0Gk0CGjgW36x...')
#10 E:\\ITTS\\Semester 3\\PAW\\PAWcode\\laravel\\modul6framework\\vendor\\laravel\\framework\\src\\Illuminate\\Session\\Store.php(104): Illuminate\\Session\\Store->readFromHandler()
#11 E:\\ITTS\\Semester 3\\PAW\\PAWcode\\laravel\\modul6framework\\vendor\\laravel\\framework\\src\\Illuminate\\Session\\Store.php(88): Illuminate\\Session\\Store->loadSession()
#12 E:\\ITTS\\Semester 3\\PAW\\PAWcode\\laravel\\modul6framework\\vendor\\laravel\\framework\\src\\Illuminate\\Session\\Middleware\\StartSession.php(147): Illuminate\\Session\\Store->start()
#13 E:\\ITTS\\Semester 3\\PAW\\PAWcode\\laravel\\modul6framework\\vendor\\laravel\\framework\\src\\Illuminate\\Support\\helpers.php(399): Illuminate\\Session\\Middleware\\StartSession->Illuminate\\Session\\Middleware\\{closure}(Object(Illuminate\\Session\\Store))
#14 E:\\ITTS\\Semester 3\\PAW\\PAWcode\\laravel\\modul6framework\\vendor\\laravel\\framework\\src\\Illuminate\\Session\\Middleware\\StartSession.php(144): tap(Object(Illuminate\\Session\\Store), Object(Closure))
#15 E:\\ITTS\\Semester 3\\PAW\\PAWcode\\laravel\\modul6framework\\vendor\\laravel\\framework\\src\\Illuminate\\Session\\Middleware\\StartSession.php(116): Illuminate\\Session\\Middleware\\StartSession->startSession(Object(Illuminate\\Http\\Request), Object(Illuminate\\Session\\Store))
#16 E:\\ITTS\\Semester 3\\PAW\\PAWcode\\laravel\\modul6framework\\vendor\\laravel\\framework\\src\\Illuminate\\Session\\Middleware\\StartSession.php(64): Illuminate\\Session\\Middleware\\StartSession->handleStatefulRequest(Object(Illuminate\\Http\\Request), Object(Illuminate\\Session\\Store), Object(Closure))
#17 E:\\ITTS\\Semester 3\\PAW\\PAWcode\\laravel\\modul6framework\\vendor\\laravel\\framework\\src\\Illuminate\\Pipeline\\Pipeline.php(183): Illuminate\\Session\\Middleware\\StartSession->handle(Object(Illuminate\\Http\\Request), Object(Closure))
#18 E:\\ITTS\\Semester 3\\PAW\\PAWcode\\laravel\\modul6framework\\vendor\\laravel\\framework\\src\\Illuminate\\Cookie\\Middleware\\AddQueuedCookiesToResponse.php(37): Illuminate\\Pipeline\\Pipeline->Illuminate\\Pipeline\\{closure}(Object(Illuminate\\Http\\Request))
#19 E:\\ITTS\\Semester 3\\PAW\\PAWcode\\laravel\\modul6framework\\vendor\\laravel\\framework\\src\\Illuminate\\Pipeline\\Pipeline.php(183): Illuminate\\Cookie\\Middleware\\AddQueuedCookiesToResponse->handle(Object(Illuminate\\Http\\Request), Object(Closure))
#20 E:\\ITTS\\Semester 3\\PAW\\PAWcode\\laravel\\modul6framework\\vendor\\laravel\\framework\\src\\Illuminate\\Cookie\\Middleware\\EncryptCookies.php(75): Illuminate\\Pipeline\\Pipeline->Illuminate\\Pipeline\\{closure}(Object(Illuminate\\Http\\Request))
#21 E:\\ITTS\\Semester 3\\PAW\\PAWcode\\laravel\\modul6framework\\vendor\\laravel\\framework\\src\\Illuminate\\Pipeline\\Pipeline.php(183): Illuminate\\Cookie\\Middleware\\EncryptCookies->handle(Object(Illuminate\\Http\\Request), Object(Closure))
#22 E:\\ITTS\\Semester 3\\PAW\\PAWcode\\laravel\\modul6framework\\vendor\\laravel\\framework\\src\\Illuminate\\Pipeline\\Pipeline.php(119): Illuminate\\Pipeline\\Pipeline->Illuminate\\Pipeline\\{closure}(Object(Illuminate\\Http\\Request))
#23 E:\\ITTS\\Semester 3\\PAW\\PAWcode\\laravel\\modul6framework\\vendor\\laravel\\framework\\src\\Illuminate\\Routing\\Router.php(807): Illuminate\\Pipeline\\Pipeline->then(Object(Closure))
#24 E:\\ITTS\\Semester 3\\PAW\\PAWcode\\laravel\\modul6framework\\vendor\\laravel\\framework\\src\\Illuminate\\Routing\\Router.php(786): Illuminate\\Routing\\Router->runRouteWithinStack(Object(Illuminate\\Routing\\Route), Object(Illuminate\\Http\\Request))
#25 E:\\ITTS\\Semester 3\\PAW\\PAWcode\\laravel\\modul6framework\\vendor\\laravel\\framework\\src\\Illuminate\\Routing\\Router.php(750): Illuminate\\Routing\\Router->runRoute(Object(Illuminate\\Http\\Request), Object(Illuminate\\Routing\\Route))
#26 E:\\ITTS\\Semester 3\\PAW\\PAWcode\\laravel\\modul6framework\\vendor\\laravel\\framework\\src\\Illuminate\\Routing\\Router.php(739): Illuminate\\Routing\\Router->dispatchToRoute(Object(Illuminate\\Http\\Request))
#27 E:\\ITTS\\Semester 3\\PAW\\PAWcode\\laravel\\modul6framework\\vendor\\laravel\\framework\\src\\Illuminate\\Foundation\\Http\\Kernel.php(201): Illuminate\\Routing\\Router->dispatch(Object(Illuminate\\Http\\Request))
#28 E:\\ITTS\\Semester 3\\PAW\\PAWcode\\laravel\\modul6framework\\vendor\\laravel\\framework\\src\\Illuminate\\Pipeline\\Pipeline.php(144): Illuminate\\Foundation\\Http\\Kernel->Illuminate\\Foundation\\Http\\{closure}(Object(Illuminate\\Http\\Request))
#29 E:\\ITTS\\Semester 3\\PAW\\PAWcode\\laravel\\modul6framework\\vendor\\laravel\\framework\\src\\Illuminate\\Foundation\\Http\\Middleware\\TransformsRequest.php(21): Illuminate\\Pipeline\\Pipeline->Illuminate\\Pipeline\\{closure}(Object(Illuminate\\Http\\Request))
#30 E:\\ITTS\\Semester 3\\PAW\\PAWcode\\laravel\\modul6framework\\vendor\\laravel\\framework\\src\\Illuminate\\Foundation\\Http\\Middleware\\ConvertEmptyStringsToNull.php(31): Illuminate\\Foundation\\Http\\Middleware\\TransformsRequest->handle(Object(Illuminate\\Http\\Request), Object(Closure))
#31 E:\\ITTS\\Semester 3\\PAW\\PAWcode\\laravel\\modul6framework\\vendor\\laravel\\framework\\src\\Illuminate\\Pipeline\\Pipeline.php(183): Illuminate\\Foundation\\Http\\Middleware\\ConvertEmptyStringsToNull->handle(Object(Illuminate\\Http\\Request), Object(Closure))
#32 E:\\ITTS\\Semester 3\\PAW\\PAWcode\\laravel\\modul6framework\\vendor\\laravel\\framework\\src\\Illuminate\\Foundation\\Http\\Middleware\\TransformsRequest.php(21): Illuminate\\Pipeline\\Pipeline->Illuminate\\Pipeline\\{closure}(Object(Illuminate\\Http\\Request))
#33 E:\\ITTS\\Semester 3\\PAW\\PAWcode\\laravel\\modul6framework\\vendor\\laravel\\framework\\src\\Illuminate\\Foundation\\Http\\Middleware\\TrimStrings.php(51): Illuminate\\Foundation\\Http\\Middleware\\TransformsRequest->handle(Object(Illuminate\\Http\\Request), Object(Closure))
#34 E:\\ITTS\\Semester 3\\PAW\\PAWcode\\laravel\\modul6framework\\vendor\\laravel\\framework\\src\\Illuminate\\Pipeline\\Pipeline.php(183): Illuminate\\Foundation\\Http\\Middleware\\TrimStrings->handle(Object(Illuminate\\Http\\Request), Object(Closure))
#35 E:\\ITTS\\Semester 3\\PAW\\PAWcode\\laravel\\modul6framework\\vendor\\laravel\\framework\\src\\Illuminate\\Http\\Middleware\\ValidatePostSize.php(27): Illuminate\\Pipeline\\Pipeline->Illuminate\\Pipeline\\{closure}(Object(Illuminate\\Http\\Request))
#36 E:\\ITTS\\Semester 3\\PAW\\PAWcode\\laravel\\modul6framework\\vendor\\laravel\\framework\\src\\Illuminate\\Pipeline\\Pipeline.php(183): Illuminate\\Http\\Middleware\\ValidatePostSize->handle(Object(Illuminate\\Http\\Request), Object(Closure))
#37 E:\\ITTS\\Semester 3\\PAW\\PAWcode\\laravel\\modul6framework\\vendor\\laravel\\framework\\src\\Illuminate\\Foundation\\Http\\Middleware\\PreventRequestsDuringMaintenance.php(110): Illuminate\\Pipeline\\Pipeline->Illuminate\\Pipeline\\{closure}(Object(Illuminate\\Http\\Request))
#38 E:\\ITTS\\Semester 3\\PAW\\PAWcode\\laravel\\modul6framework\\vendor\\laravel\\framework\\src\\Illuminate\\Pipeline\\Pipeline.php(183): Illuminate\\Foundation\\Http\\Middleware\\PreventRequestsDuringMaintenance->handle(Object(Illuminate\\Http\\Request), Object(Closure))
#39 E:\\ITTS\\Semester 3\\PAW\\PAWcode\\laravel\\modul6framework\\vendor\\laravel\\framework\\src\\Illuminate\\Http\\Middleware\\HandleCors.php(49): Illuminate\\Pipeline\\Pipeline->Illuminate\\Pipeline\\{closure}(Object(Illuminate\\Http\\Request))
#40 E:\\ITTS\\Semester 3\\PAW\\PAWcode\\laravel\\modul6framework\\vendor\\laravel\\framework\\src\\Illuminate\\Pipeline\\Pipeline.php(183): Illuminate\\Http\\Middleware\\HandleCors->handle(Object(Illuminate\\Http\\Request), Object(Closure))
#41 E:\\ITTS\\Semester 3\\PAW\\PAWcode\\laravel\\modul6framework\\vendor\\laravel\\framework\\src\\Illuminate\\Http\\Middleware\\TrustProxies.php(58): Illuminate\\Pipeline\\Pipeline->Illuminate\\Pipeline\\{closure}(Object(Illuminate\\Http\\Request))
#42 E:\\ITTS\\Semester 3\\PAW\\PAWcode\\laravel\\modul6framework\\vendor\\laravel\\framework\\src\\Illuminate\\Pipeline\\Pipeline.php(183): Illuminate\\Http\\Middleware\\TrustProxies->handle(Object(Illuminate\\Http\\Request), Object(Closure))
#43 E:\\ITTS\\Semester 3\\PAW\\PAWcode\\laravel\\modul6framework\\vendor\\laravel\\framework\\src\\Illuminate\\Foundation\\Http\\Middleware\\InvokeDeferredCallbacks.php(22): Illuminate\\Pipeline\\Pipeline->Illuminate\\Pipeline\\{closure}(Object(Illuminate\\Http\\Request))
#44 E:\\ITTS\\Semester 3\\PAW\\PAWcode\\laravel\\modul6framework\\vendor\\laravel\\framework\\src\\Illuminate\\Pipeline\\Pipeline.php(183): Illuminate\\Foundation\\Http\\Middleware\\InvokeDeferredCallbacks->handle(Object(Illuminate\\Http\\Request), Object(Closure))
#45 E:\\ITTS\\Semester 3\\PAW\\PAWcode\\laravel\\modul6framework\\vendor\\laravel\\framework\\src\\Illuminate\\Pipeline\\Pipeline.php(119): Illuminate\\Pipeline\\Pipeline->Illuminate\\Pipeline\\{closure}(Object(Illuminate\\Http\\Request))
#46 E:\\ITTS\\Semester 3\\PAW\\PAWcode\\laravel\\modul6framework\\vendor\\laravel\\framework\\src\\Illuminate\\Foundation\\Http\\Kernel.php(176): Illuminate\\Pipeline\\Pipeline->then(Object(Closure))
#47 E:\\ITTS\\Semester 3\\PAW\\PAWcode\\laravel\\modul6framework\\vendor\\laravel\\framework\\src\\Illuminate\\Foundation\\Http\\Kernel.php(145): Illuminate\\Foundation\\Http\\Kernel->sendRequestThroughRouter(Object(Illuminate\\Http\\Request))
#48 E:\\ITTS\\Semester 3\\PAW\\PAWcode\\laravel\\modul6framework\\vendor\\laravel\\framework\\src\\Illuminate\\Foundation\\Application.php(1190): Illuminate\\Foundation\\Http\\Kernel->handle(Object(Illuminate\\Http\\Request))
#49 E:\\ITTS\\Semester 3\\PAW\\PAWcode\\laravel\\modul6framework\\public\\index.php(17): Illuminate\\Foundation\\Application->handleRequest(Object(Illuminate\\Http\\Request))
#50 E:\\ITTS\\Semester 3\\PAW\\PAWcode\\laravel\\modul6framework\\vendor\\laravel\\framework\\src\\Illuminate\\Foundation\\resources\\server.php(23): require_once('E:\\\\ITTS\\\\Semeste...')
#51 {main}

[previous exception] [object] (PDOException(code: 1045): SQLSTATE[HY000] [1045] Access denied for user 'rootDB_PASSWORD='@'localhost' (using password: NO) at E:\\ITTS\\Semester 3\\PAW\\PAWcode\\laravel\\modul6framework\\vendor\\laravel\\framework\\src\\Illuminate\\Database\\Connectors\\Connector.php:66)
[stacktrace]
#0 E:\\ITTS\\Semester 3\\PAW\\PAWcode\\laravel\\modul6framework\\vendor\\laravel\\framework\\src\\Illuminate\\Database\\Connectors\\Connector.php(66): PDO->__construct('mysql:host=127....', 'rootDB_PASSWORD...', Object(SensitiveParameterValue), Array)
#1 E:\\ITTS\\Semester 3\\PAW\\PAWcode\\laravel\\modul6framework\\vendor\\laravel\\framework\\src\\Illuminate\\Database\\Connectors\\Connector.php(44): Illuminate\\Database\\Connectors\\Connector->createPdoConnection('mysql:host=127....', 'rootDB_PASSWORD...', Object(SensitiveParameterValue), Array)
#2 E:\\ITTS\\Semester 3\\PAW\\PAWcode\\laravel\\modul6framework\\vendor\\laravel\\framework\\src\\Illuminate\\Database\\Connectors\\MySqlConnector.php(24): Illuminate\\Database\\Connectors\\Connector->createConnection('mysql:host=127....', Array, Array)
#3 E:\\ITTS\\Semester 3\\PAW\\PAWcode\\laravel\\modul6framework\\vendor\\laravel\\framework\\src\\Illuminate\\Database\\Connectors\\ConnectionFactory.php(185): Illuminate\\Database\\Connectors\\MySqlConnector->connect(Array)
#4 [internal function]: Illuminate\\Database\\Connectors\\ConnectionFactory->Illuminate\\Database\\Connectors\\{closure}()
#5 E:\\ITTS\\Semester 3\\PAW\\PAWcode\\laravel\\modul6framework\\vendor\\laravel\\framework\\src\\Illuminate\\Database\\Connection.php(1231): call_user_func(Object(Closure))
#6 E:\\ITTS\\Semester 3\\PAW\\PAWcode\\laravel\\modul6framework\\vendor\\laravel\\framework\\src\\Illuminate\\Database\\Connection.php(1267): Illuminate\\Database\\Connection->getPdo()
#7 E:\\ITTS\\Semester 3\\PAW\\PAWcode\\laravel\\modul6framework\\vendor\\laravel\\framework\\src\\Illuminate\\Database\\Connection.php(512): Illuminate\\Database\\Connection->getReadPdo()
#8 E:\\ITTS\\Semester 3\\PAW\\PAWcode\\laravel\\modul6framework\\vendor\\laravel\\framework\\src\\Illuminate\\Database\\Connection.php(407): Illuminate\\Database\\Connection->getPdoForSelect(true)
#9 E:\\ITTS\\Semester 3\\PAW\\PAWcode\\laravel\\modul6framework\\vendor\\laravel\\framework\\src\\Illuminate\\Database\\Connection.php(812): Illuminate\\Database\\Connection->Illuminate\\Database\\{closure}('select * from `...', Array)
#10 E:\\ITTS\\Semester 3\\PAW\\PAWcode\\laravel\\modul6framework\\vendor\\laravel\\framework\\src\\Illuminate\\Database\\Connection.php(779): Illuminate\\Database\\Connection->runQueryCallback('select * from `...', Array, Object(Closure))
#11 E:\\ITTS\\Semester 3\\PAW\\PAWcode\\laravel\\modul6framework\\vendor\\laravel\\framework\\src\\Illuminate\\Database\\Connection.php(398): Illuminate\\Database\\Connection->run('select * from `...', Array, Object(Closure))
#12 E:\\ITTS\\Semester 3\\PAW\\PAWcode\\laravel\\modul6framework\\vendor\\laravel\\framework\\src\\Illuminate\\Database\\Query\\Builder.php(3133): Illuminate\\Database\\Connection->select('select * from `...', Array, true)
#13 E:\\ITTS\\Semester 3\\PAW\\PAWcode\\laravel\\modul6framework\\vendor\\laravel\\framework\\src\\Illuminate\\Database\\Query\\Builder.php(3118): Illuminate\\Database\\Query\\Builder->runSelect()
#14 E:\\ITTS\\Semester 3\\PAW\\PAWcode\\laravel\\modul6framework\\vendor\\laravel\\framework\\src\\Illuminate\\Database\\Query\\Builder.php(3706): Illuminate\\Database\\Query\\Builder->Illuminate\\Database\\Query\\{closure}()
#15 E:\\ITTS\\Semester 3\\PAW\\PAWcode\\laravel\\modul6framework\\vendor\\laravel\\framework\\src\\Illuminate\\Database\\Query\\Builder.php(3117): Illuminate\\Database\\Query\\Builder->onceWithColumns(Array, Object(Closure))
#16 E:\\ITTS\\Semester 3\\PAW\\PAWcode\\laravel\\modul6framework\\vendor\\laravel\\framework\\src\\Illuminate\\Database\\Concerns\\BuildsQueries.php(344): Illuminate\\Database\\Query\\Builder->get(Array)
#17 E:\\ITTS\\Semester 3\\PAW\\PAWcode\\laravel\\modul6framework\\vendor\\laravel\\framework\\src\\Illuminate\\Database\\Query\\Builder.php(3038): Illuminate\\Database\\Query\\Builder->first(Array)
#18 E:\\ITTS\\Semester 3\\PAW\\PAWcode\\laravel\\modul6framework\\vendor\\laravel\\framework\\src\\Illuminate\\Session\\DatabaseSessionHandler.php(97): Illuminate\\Database\\Query\\Builder->find('SmL0Gk0CGjgW36x...')
#19 E:\\ITTS\\Semester 3\\PAW\\PAWcode\\laravel\\modul6framework\\vendor\\laravel\\framework\\src\\Illuminate\\Session\\Store.php(116): Illuminate\\Session\\DatabaseSessionHandler->read('SmL0Gk0CGjgW36x...')
#20 E:\\ITTS\\Semester 3\\PAW\\PAWcode\\laravel\\modul6framework\\vendor\\laravel\\framework\\src\\Illuminate\\Session\\Store.php(104): Illuminate\\Session\\Store->readFromHandler()
#21 E:\\ITTS\\Semester 3\\PAW\\PAWcode\\laravel\\modul6framework\\vendor\\laravel\\framework\\src\\Illuminate\\Session\\Store.php(88): Illuminate\\Session\\Store->loadSession()
#22 E:\\ITTS\\Semester 3\\PAW\\PAWcode\\laravel\\modul6framework\\vendor\\laravel\\framework\\src\\Illuminate\\Session\\Middleware\\StartSession.php(147): Illuminate\\Session\\Store->start()
#23 E:\\ITTS\\Semester 3\\PAW\\PAWcode\\laravel\\modul6framework\\vendor\\laravel\\framework\\src\\Illuminate\\Support\\helpers.php(399): Illuminate\\Session\\Middleware\\StartSession->Illuminate\\Session\\Middleware\\{closure}(Object(Illuminate\\Session\\Store))
#24 E:\\ITTS\\Semester 3\\PAW\\PAWcode\\laravel\\modul6framework\\vendor\\laravel\\framework\\src\\Illuminate\\Session\\Middleware\\StartSession.php(144): tap(Object(Illuminate\\Session\\Store), Object(Closure))
#25 E:\\ITTS\\Semester 3\\PAW\\PAWcode\\laravel\\modul6framework\\vendor\\laravel\\framework\\src\\Illuminate\\Session\\Middleware\\StartSession.php(116): Illuminate\\Session\\Middleware\\StartSession->startSession(Object(Illuminate\\Http\\Request), Object(Illuminate\\Session\\Store))
#26 E:\\ITTS\\Semester 3\\PAW\\PAWcode\\laravel\\modul6framework\\vendor\\laravel\\framework\\src\\Illuminate\\Session\\Middleware\\StartSession.php(64): Illuminate\\Session\\Middleware\\StartSession->handleStatefulRequest(Object(Illuminate\\Http\\Request), Object(Illuminate\\Session\\Store), Object(Closure))
#27 E:\\ITTS\\Semester 3\\PAW\\PAWcode\\laravel\\modul6framework\\vendor\\laravel\\framework\\src\\Illuminate\\Pipeline\\Pipeline.php(183): Illuminate\\Session\\Middleware\\StartSession->handle(Object(Illuminate\\Http\\Request), Object(Closure))
#28 E:\\ITTS\\Semester 3\\PAW\\PAWcode\\laravel\\modul6framework\\vendor\\laravel\\framework\\src\\Illuminate\\Cookie\\Middleware\\AddQueuedCookiesToResponse.php(37): Illuminate\\Pipeline\\Pipeline->Illuminate\\Pipeline\\{closure}(Object(Illuminate\\Http\\Request))
#29 E:\\ITTS\\Semester 3\\PAW\\PAWcode\\laravel\\modul6framework\\vendor\\laravel\\framework\\src\\Illuminate\\Pipeline\\Pipeline.php(183): Illuminate\\Cookie\\Middleware\\AddQueuedCookiesToResponse->handle(Object(Illuminate\\Http\\Request), Object(Closure))
#30 E:\\ITTS\\Semester 3\\PAW\\PAWcode\\laravel\\modul6framework\\vendor\\laravel\\framework\\src\\Illuminate\\Cookie\\Middleware\\EncryptCookies.php(75): Illuminate\\Pipeline\\Pipeline->Illuminate\\Pipeline\\{closure}(Object(Illuminate\\Http\\Request))
#31 E:\\ITTS\\Semester 3\\PAW\\PAWcode\\laravel\\modul6framework\\vendor\\laravel\\framework\\src\\Illuminate\\Pipeline\\Pipeline.php(183): Illuminate\\Cookie\\Middleware\\EncryptCookies->handle(Object(Illuminate\\Http\\Request), Object(Closure))
#32 E:\\ITTS\\Semester 3\\PAW\\PAWcode\\laravel\\modul6framework\\vendor\\laravel\\framework\\src\\Illuminate\\Pipeline\\Pipeline.php(119): Illuminate\\Pipeline\\Pipeline->Illuminate\\Pipeline\\{closure}(Object(Illuminate\\Http\\Request))
#33 E:\\ITTS\\Semester 3\\PAW\\PAWcode\\laravel\\modul6framework\\vendor\\laravel\\framework\\src\\Illuminate\\Routing\\Router.php(807): Illuminate\\Pipeline\\Pipeline->then(Object(Closure))
#34 E:\\ITTS\\Semester 3\\PAW\\PAWcode\\laravel\\modul6framework\\vendor\\laravel\\framework\\src\\Illuminate\\Routing\\Router.php(786): Illuminate\\Routing\\Router->runRouteWithinStack(Object(Illuminate\\Routing\\Route), Object(Illuminate\\Http\\Request))
#35 E:\\ITTS\\Semester 3\\PAW\\PAWcode\\laravel\\modul6framework\\vendor\\laravel\\framework\\src\\Illuminate\\Routing\\Router.php(750): Illuminate\\Routing\\Router->runRoute(Object(Illuminate\\Http\\Request), Object(Illuminate\\Routing\\Route))
#36 E:\\ITTS\\Semester 3\\PAW\\PAWcode\\laravel\\modul6framework\\vendor\\laravel\\framework\\src\\Illuminate\\Routing\\Router.php(739): Illuminate\\Routing\\Router->dispatchToRoute(Object(Illuminate\\Http\\Request))
#37 E:\\ITTS\\Semester 3\\PAW\\PAWcode\\laravel\\modul6framework\\vendor\\laravel\\framework\\src\\Illuminate\\Foundation\\Http\\Kernel.php(201): Illuminate\\Routing\\Router->dispatch(Object(Illuminate\\Http\\Request))
#38 E:\\ITTS\\Semester 3\\PAW\\PAWcode\\laravel\\modul6framework\\vendor\\laravel\\framework\\src\\Illuminate\\Pipeline\\Pipeline.php(144): Illuminate\\Foundation\\Http\\Kernel->Illuminate\\Foundation\\Http\\{closure}(Object(Illuminate\\Http\\Request))
#39 E:\\ITTS\\Semester 3\\PAW\\PAWcode\\laravel\\modul6framework\\vendor\\laravel\\framework\\src\\Illuminate\\Foundation\\Http\\Middleware\\TransformsRequest.php(21): Illuminate\\Pipeline\\Pipeline->Illuminate\\Pipeline\\{closure}(Object(Illuminate\\Http\\Request))
#40 E:\\ITTS\\Semester 3\\PAW\\PAWcode\\laravel\\modul6framework\\vendor\\laravel\\framework\\src\\Illuminate\\Foundation\\Http\\Middleware\\ConvertEmptyStringsToNull.php(31): Illuminate\\Foundation\\Http\\Middleware\\TransformsRequest->handle(Object(Illuminate\\Http\\Request), Object(Closure))
#41 E:\\ITTS\\Semester 3\\PAW\\PAWcode\\laravel\\modul6framework\\vendor\\laravel\\framework\\src\\Illuminate\\Pipeline\\Pipeline.php(183): Illuminate\\Foundation\\Http\\Middleware\\ConvertEmptyStringsToNull->handle(Object(Illuminate\\Http\\Request), Object(Closure))
#42 E:\\ITTS\\Semester 3\\PAW\\PAWcode\\laravel\\modul6framework\\vendor\\laravel\\framework\\src\\Illuminate\\Foundation\\Http\\Middleware\\TransformsRequest.php(21): Illuminate\\Pipeline\\Pipeline->Illuminate\\Pipeline\\{closure}(Object(Illuminate\\Http\\Request))
#43 E:\\ITTS\\Semester 3\\PAW\\PAWcode\\laravel\\modul6framework\\vendor\\laravel\\framework\\src\\Illuminate\\Foundation\\Http\\Middleware\\TrimStrings.php(51): Illuminate\\Foundation\\Http\\Middleware\\TransformsRequest->handle(Object(Illuminate\\Http\\Request), Object(Closure))
#44 E:\\ITTS\\Semester 3\\PAW\\PAWcode\\laravel\\modul6framework\\vendor\\laravel\\framework\\src\\Illuminate\\Pipeline\\Pipeline.php(183): Illuminate\\Foundation\\Http\\Middleware\\TrimStrings->handle(Object(Illuminate\\Http\\Request), Object(Closure))
#45 E:\\ITTS\\Semester 3\\PAW\\PAWcode\\laravel\\modul6framework\\vendor\\laravel\\framework\\src\\Illuminate\\Http\\Middleware\\ValidatePostSize.php(27): Illuminate\\Pipeline\\Pipeline->Illuminate\\Pipeline\\{closure}(Object(Illuminate\\Http\\Request))
#46 E:\\ITTS\\Semester 3\\PAW\\PAWcode\\laravel\\modul6framework\\vendor\\laravel\\framework\\src\\Illuminate\\Pipeline\\Pipeline.php(183): Illuminate\\Http\\Middleware\\ValidatePostSize->handle(Object(Illuminate\\Http\\Request), Object(Closure))
#47 E:\\ITTS\\Semester 3\\PAW\\PAWcode\\laravel\\modul6framework\\vendor\\laravel\\framework\\src\\Illuminate\\Foundation\\Http\\Middleware\\PreventRequestsDuringMaintenance.php(110): Illuminate\\Pipeline\\Pipeline->Illuminate\\Pipeline\\{closure}(Object(Illuminate\\Http\\Request))
#48 E:\\ITTS\\Semester 3\\PAW\\PAWcode\\laravel\\modul6framework\\vendor\\laravel\\framework\\src\\Illuminate\\Pipeline\\Pipeline.php(183): Illuminate\\Foundation\\Http\\Middleware\\PreventRequestsDuringMaintenance->handle(Object(Illuminate\\Http\\Request), Object(Closure))
#49 E:\\ITTS\\Semester 3\\PAW\\PAWcode\\laravel\\modul6framework\\vendor\\laravel\\framework\\src\\Illuminate\\Http\\Middleware\\HandleCors.php(49): Illuminate\\Pipeline\\Pipeline->Illuminate\\Pipeline\\{closure}(Object(Illuminate\\Http\\Request))
#50 E:\\ITTS\\Semester 3\\PAW\\PAWcode\\laravel\\modul6framework\\vendor\\laravel\\framework\\src\\Illuminate\\Pipeline\\Pipeline.php(183): Illuminate\\Http\\Middleware\\HandleCors->handle(Object(Illuminate\\Http\\Request), Object(Closure))
#51 E:\\ITTS\\Semester 3\\PAW\\PAWcode\\laravel\\modul6framework\\vendor\\laravel\\framework\\src\\Illuminate\\Http\\Middleware\\TrustProxies.php(58): Illuminate\\Pipeline\\Pipeline->Illuminate\\Pipeline\\{closure}(Object(Illuminate\\Http\\Request))
#52 E:\\ITTS\\Semester 3\\PAW\\PAWcode\\laravel\\modul6framework\\vendor\\laravel\\framework\\src\\Illuminate\\Pipeline\\Pipeline.php(183): Illuminate\\Http\\Middleware\\TrustProxies->handle(Object(Illuminate\\Http\\Request), Object(Closure))
#53 E:\\ITTS\\Semester 3\\PAW\\PAWcode\\laravel\\modul6framework\\vendor\\laravel\\framework\\src\\Illuminate\\Foundation\\Http\\Middleware\\InvokeDeferredCallbacks.php(22): Illuminate\\Pipeline\\Pipeline->Illuminate\\Pipeline\\{closure}(Object(Illuminate\\Http\\Request))
#54 E:\\ITTS\\Semester 3\\PAW\\PAWcode\\laravel\\modul6framework\\vendor\\laravel\\framework\\src\\Illuminate\\Pipeline\\Pipeline.php(183): Illuminate\\Foundation\\Http\\Middleware\\InvokeDeferredCallbacks->handle(Object(Illuminate\\Http\\Request), Object(Closure))
#55 E:\\ITTS\\Semester 3\\PAW\\PAWcode\\laravel\\modul6framework\\vendor\\laravel\\framework\\src\\Illuminate\\Pipeline\\Pipeline.php(119): Illuminate\\Pipeline\\Pipeline->Illuminate\\Pipeline\\{closure}(Object(Illuminate\\Http\\Request))
#56 E:\\ITTS\\Semester 3\\PAW\\PAWcode\\laravel\\modul6framework\\vendor\\laravel\\framework\\src\\Illuminate\\Foundation\\Http\\Kernel.php(176): Illuminate\\Pipeline\\Pipeline->then(Object(Closure))
#57 E:\\ITTS\\Semester 3\\PAW\\PAWcode\\laravel\\modul6framework\\vendor\\laravel\\framework\\src\\Illuminate\\Foundation\\Http\\Kernel.php(145): Illuminate\\Foundation\\Http\\Kernel->sendRequestThroughRouter(Object(Illuminate\\Http\\Request))
#58 E:\\ITTS\\Semester 3\\PAW\\PAWcode\\laravel\\modul6framework\\vendor\\laravel\\framework\\src\\Illuminate\\Foundation\\Application.php(1190): Illuminate\\Foundation\\Http\\Kernel->handle(Object(Illuminate\\Http\\Request))
#59 E:\\ITTS\\Semester 3\\PAW\\PAWcode\\laravel\\modul6framework\\public\\index.php(17): Illuminate\\Foundation\\Application->handleRequest(Object(Illuminate\\Http\\Request))
#60 E:\\ITTS\\Semester 3\\PAW\\PAWcode\\laravel\\modul6framework\\vendor\\laravel\\framework\\src\\Illuminate\\Foundation\\resources\\server.php(23): require_once('E:\\\\ITTS\\\\Semeste...')
#61 {main}
"} 
[2025-01-08 11:34:29] local.ERROR: SQLSTATE[HY000] [1049] Unknown database 'laravel' (Connection: mysql, SQL: select * from `sessions` where `id` = SmL0Gk0CGjgW36xDFZ7xu9GQQ0NKo6ZjbgnYvole limit 1) {"exception":"[object] (Illuminate\\Database\\QueryException(code: 1049): SQLSTATE[HY000] [1049] Unknown database 'laravel' (Connection: mysql, SQL: select * from `sessions` where `id` = SmL0Gk0CGjgW36xDFZ7xu9GQQ0NKo6ZjbgnYvole limit 1) at E:\\ITTS\\Semester 3\\PAW\\PAWcode\\laravel\\modul6framework\\vendor\\laravel\\framework\\src\\Illuminate\\Database\\Connection.php:825)
[stacktrace]
#0 E:\\ITTS\\Semester 3\\PAW\\PAWcode\\laravel\\modul6framework\\vendor\\laravel\\framework\\src\\Illuminate\\Database\\Connection.php(779): Illuminate\\Database\\Connection->runQueryCallback('select * from `...', Array, Object(Closure))
#1 E:\\ITTS\\Semester 3\\PAW\\PAWcode\\laravel\\modul6framework\\vendor\\laravel\\framework\\src\\Illuminate\\Database\\Connection.php(398): Illuminate\\Database\\Connection->run('select * from `...', Array, Object(Closure))
#2 E:\\ITTS\\Semester 3\\PAW\\PAWcode\\laravel\\modul6framework\\vendor\\laravel\\framework\\src\\Illuminate\\Database\\Query\\Builder.php(3133): Illuminate\\Database\\Connection->select('select * from `...', Array, true)
#3 E:\\ITTS\\Semester 3\\PAW\\PAWcode\\laravel\\modul6framework\\vendor\\laravel\\framework\\src\\Illuminate\\Database\\Query\\Builder.php(3118): Illuminate\\Database\\Query\\Builder->runSelect()
#4 E:\\ITTS\\Semester 3\\PAW\\PAWcode\\laravel\\modul6framework\\vendor\\laravel\\framework\\src\\Illuminate\\Database\\Query\\Builder.php(3706): Illuminate\\Database\\Query\\Builder->Illuminate\\Database\\Query\\{closure}()
#5 E:\\ITTS\\Semester 3\\PAW\\PAWcode\\laravel\\modul6framework\\vendor\\laravel\\framework\\src\\Illuminate\\Database\\Query\\Builder.php(3117): Illuminate\\Database\\Query\\Builder->onceWithColumns(Array, Object(Closure))
#6 E:\\ITTS\\Semester 3\\PAW\\PAWcode\\laravel\\modul6framework\\vendor\\laravel\\framework\\src\\Illuminate\\Database\\Concerns\\BuildsQueries.php(344): Illuminate\\Database\\Query\\Builder->get(Array)
#7 E:\\ITTS\\Semester 3\\PAW\\PAWcode\\laravel\\modul6framework\\vendor\\laravel\\framework\\src\\Illuminate\\Database\\Query\\Builder.php(3038): Illuminate\\Database\\Query\\Builder->first(Array)
#8 E:\\ITTS\\Semester 3\\PAW\\PAWcode\\laravel\\modul6framework\\vendor\\laravel\\framework\\src\\Illuminate\\Session\\DatabaseSessionHandler.php(97): Illuminate\\Database\\Query\\Builder->find('SmL0Gk0CGjgW36x...')
#9 E:\\ITTS\\Semester 3\\PAW\\PAWcode\\laravel\\modul6framework\\vendor\\laravel\\framework\\src\\Illuminate\\Session\\Store.php(116): Illuminate\\Session\\DatabaseSessionHandler->read('SmL0Gk0CGjgW36x...')
#10 E:\\ITTS\\Semester 3\\PAW\\PAWcode\\laravel\\modul6framework\\vendor\\laravel\\framework\\src\\Illuminate\\Session\\Store.php(104): Illuminate\\Session\\Store->readFromHandler()
#11 E:\\ITTS\\Semester 3\\PAW\\PAWcode\\laravel\\modul6framework\\vendor\\laravel\\framework\\src\\Illuminate\\Session\\Store.php(88): Illuminate\\Session\\Store->loadSession()
#12 E:\\ITTS\\Semester 3\\PAW\\PAWcode\\laravel\\modul6framework\\vendor\\laravel\\framework\\src\\Illuminate\\Session\\Middleware\\StartSession.php(147): Illuminate\\Session\\Store->start()
#13 E:\\ITTS\\Semester 3\\PAW\\PAWcode\\laravel\\modul6framework\\vendor\\laravel\\framework\\src\\Illuminate\\Support\\helpers.php(399): Illuminate\\Session\\Middleware\\StartSession->Illuminate\\Session\\Middleware\\{closure}(Object(Illuminate\\Session\\Store))
#14 E:\\ITTS\\Semester 3\\PAW\\PAWcode\\laravel\\modul6framework\\vendor\\laravel\\framework\\src\\Illuminate\\Session\\Middleware\\StartSession.php(144): tap(Object(Illuminate\\Session\\Store), Object(Closure))
#15 E:\\ITTS\\Semester 3\\PAW\\PAWcode\\laravel\\modul6framework\\vendor\\laravel\\framework\\src\\Illuminate\\Session\\Middleware\\StartSession.php(116): Illuminate\\Session\\Middleware\\StartSession->startSession(Object(Illuminate\\Http\\Request), Object(Illuminate\\Session\\Store))
#16 E:\\ITTS\\Semester 3\\PAW\\PAWcode\\laravel\\modul6framework\\vendor\\laravel\\framework\\src\\Illuminate\\Session\\Middleware\\StartSession.php(64): Illuminate\\Session\\Middleware\\StartSession->handleStatefulRequest(Object(Illuminate\\Http\\Request), Object(Illuminate\\Session\\Store), Object(Closure))
#17 E:\\ITTS\\Semester 3\\PAW\\PAWcode\\laravel\\modul6framework\\vendor\\laravel\\framework\\src\\Illuminate\\Pipeline\\Pipeline.php(183): Illuminate\\Session\\Middleware\\StartSession->handle(Object(Illuminate\\Http\\Request), Object(Closure))
#18 E:\\ITTS\\Semester 3\\PAW\\PAWcode\\laravel\\modul6framework\\vendor\\laravel\\framework\\src\\Illuminate\\Cookie\\Middleware\\AddQueuedCookiesToResponse.php(37): Illuminate\\Pipeline\\Pipeline->Illuminate\\Pipeline\\{closure}(Object(Illuminate\\Http\\Request))
#19 E:\\ITTS\\Semester 3\\PAW\\PAWcode\\laravel\\modul6framework\\vendor\\laravel\\framework\\src\\Illuminate\\Pipeline\\Pipeline.php(183): Illuminate\\Cookie\\Middleware\\AddQueuedCookiesToResponse->handle(Object(Illuminate\\Http\\Request), Object(Closure))
#20 E:\\ITTS\\Semester 3\\PAW\\PAWcode\\laravel\\modul6framework\\vendor\\laravel\\framework\\src\\Illuminate\\Cookie\\Middleware\\EncryptCookies.php(75): Illuminate\\Pipeline\\Pipeline->Illuminate\\Pipeline\\{closure}(Object(Illuminate\\Http\\Request))
#21 E:\\ITTS\\Semester 3\\PAW\\PAWcode\\laravel\\modul6framework\\vendor\\laravel\\framework\\src\\Illuminate\\Pipeline\\Pipeline.php(183): Illuminate\\Cookie\\Middleware\\EncryptCookies->handle(Object(Illuminate\\Http\\Request), Object(Closure))
#22 E:\\ITTS\\Semester 3\\PAW\\PAWcode\\laravel\\modul6framework\\vendor\\laravel\\framework\\src\\Illuminate\\Pipeline\\Pipeline.php(119): Illuminate\\Pipeline\\Pipeline->Illuminate\\Pipeline\\{closure}(Object(Illuminate\\Http\\Request))
#23 E:\\ITTS\\Semester 3\\PAW\\PAWcode\\laravel\\modul6framework\\vendor\\laravel\\framework\\src\\Illuminate\\Routing\\Router.php(807): Illuminate\\Pipeline\\Pipeline->then(Object(Closure))
#24 E:\\ITTS\\Semester 3\\PAW\\PAWcode\\laravel\\modul6framework\\vendor\\laravel\\framework\\src\\Illuminate\\Routing\\Router.php(786): Illuminate\\Routing\\Router->runRouteWithinStack(Object(Illuminate\\Routing\\Route), Object(Illuminate\\Http\\Request))
#25 E:\\ITTS\\Semester 3\\PAW\\PAWcode\\laravel\\modul6framework\\vendor\\laravel\\framework\\src\\Illuminate\\Routing\\Router.php(750): Illuminate\\Routing\\Router->runRoute(Object(Illuminate\\Http\\Request), Object(Illuminate\\Routing\\Route))
#26 E:\\ITTS\\Semester 3\\PAW\\PAWcode\\laravel\\modul6framework\\vendor\\laravel\\framework\\src\\Illuminate\\Routing\\Router.php(739): Illuminate\\Routing\\Router->dispatchToRoute(Object(Illuminate\\Http\\Request))
#27 E:\\ITTS\\Semester 3\\PAW\\PAWcode\\laravel\\modul6framework\\vendor\\laravel\\framework\\src\\Illuminate\\Foundation\\Http\\Kernel.php(201): Illuminate\\Routing\\Router->dispatch(Object(Illuminate\\Http\\Request))
#28 E:\\ITTS\\Semester 3\\PAW\\PAWcode\\laravel\\modul6framework\\vendor\\laravel\\framework\\src\\Illuminate\\Pipeline\\Pipeline.php(144): Illuminate\\Foundation\\Http\\Kernel->Illuminate\\Foundation\\Http\\{closure}(Object(Illuminate\\Http\\Request))
#29 E:\\ITTS\\Semester 3\\PAW\\PAWcode\\laravel\\modul6framework\\vendor\\laravel\\framework\\src\\Illuminate\\Foundation\\Http\\Middleware\\TransformsRequest.php(21): Illuminate\\Pipeline\\Pipeline->Illuminate\\Pipeline\\{closure}(Object(Illuminate\\Http\\Request))
#30 E:\\ITTS\\Semester 3\\PAW\\PAWcode\\laravel\\modul6framework\\vendor\\laravel\\framework\\src\\Illuminate\\Foundation\\Http\\Middleware\\ConvertEmptyStringsToNull.php(31): Illuminate\\Foundation\\Http\\Middleware\\TransformsRequest->handle(Object(Illuminate\\Http\\Request), Object(Closure))
#31 E:\\ITTS\\Semester 3\\PAW\\PAWcode\\laravel\\modul6framework\\vendor\\laravel\\framework\\src\\Illuminate\\Pipeline\\Pipeline.php(183): Illuminate\\Foundation\\Http\\Middleware\\ConvertEmptyStringsToNull->handle(Object(Illuminate\\Http\\Request), Object(Closure))
#32 E:\\ITTS\\Semester 3\\PAW\\PAWcode\\laravel\\modul6framework\\vendor\\laravel\\framework\\src\\Illuminate\\Foundation\\Http\\Middleware\\TransformsRequest.php(21): Illuminate\\Pipeline\\Pipeline->Illuminate\\Pipeline\\{closure}(Object(Illuminate\\Http\\Request))
#33 E:\\ITTS\\Semester 3\\PAW\\PAWcode\\laravel\\modul6framework\\vendor\\laravel\\framework\\src\\Illuminate\\Foundation\\Http\\Middleware\\TrimStrings.php(51): Illuminate\\Foundation\\Http\\Middleware\\TransformsRequest->handle(Object(Illuminate\\Http\\Request), Object(Closure))
#34 E:\\ITTS\\Semester 3\\PAW\\PAWcode\\laravel\\modul6framework\\vendor\\laravel\\framework\\src\\Illuminate\\Pipeline\\Pipeline.php(183): Illuminate\\Foundation\\Http\\Middleware\\TrimStrings->handle(Object(Illuminate\\Http\\Request), Object(Closure))
#35 E:\\ITTS\\Semester 3\\PAW\\PAWcode\\laravel\\modul6framework\\vendor\\laravel\\framework\\src\\Illuminate\\Http\\Middleware\\ValidatePostSize.php(27): Illuminate\\Pipeline\\Pipeline->Illuminate\\Pipeline\\{closure}(Object(Illuminate\\Http\\Request))
#36 E:\\ITTS\\Semester 3\\PAW\\PAWcode\\laravel\\modul6framework\\vendor\\laravel\\framework\\src\\Illuminate\\Pipeline\\Pipeline.php(183): Illuminate\\Http\\Middleware\\ValidatePostSize->handle(Object(Illuminate\\Http\\Request), Object(Closure))
#37 E:\\ITTS\\Semester 3\\PAW\\PAWcode\\laravel\\modul6framework\\vendor\\laravel\\framework\\src\\Illuminate\\Foundation\\Http\\Middleware\\PreventRequestsDuringMaintenance.php(110): Illuminate\\Pipeline\\Pipeline->Illuminate\\Pipeline\\{closure}(Object(Illuminate\\Http\\Request))
#38 E:\\ITTS\\Semester 3\\PAW\\PAWcode\\laravel\\modul6framework\\vendor\\laravel\\framework\\src\\Illuminate\\Pipeline\\Pipeline.php(183): Illuminate\\Foundation\\Http\\Middleware\\PreventRequestsDuringMaintenance->handle(Object(Illuminate\\Http\\Request), Object(Closure))
#39 E:\\ITTS\\Semester 3\\PAW\\PAWcode\\laravel\\modul6framework\\vendor\\laravel\\framework\\src\\Illuminate\\Http\\Middleware\\HandleCors.php(49): Illuminate\\Pipeline\\Pipeline->Illuminate\\Pipeline\\{closure}(Object(Illuminate\\Http\\Request))
#40 E:\\ITTS\\Semester 3\\PAW\\PAWcode\\laravel\\modul6framework\\vendor\\laravel\\framework\\src\\Illuminate\\Pipeline\\Pipeline.php(183): Illuminate\\Http\\Middleware\\HandleCors->handle(Object(Illuminate\\Http\\Request), Object(Closure))
#41 E:\\ITTS\\Semester 3\\PAW\\PAWcode\\laravel\\modul6framework\\vendor\\laravel\\framework\\src\\Illuminate\\Http\\Middleware\\TrustProxies.php(58): Illuminate\\Pipeline\\Pipeline->Illuminate\\Pipeline\\{closure}(Object(Illuminate\\Http\\Request))
#42 E:\\ITTS\\Semester 3\\PAW\\PAWcode\\laravel\\modul6framework\\vendor\\laravel\\framework\\src\\Illuminate\\Pipeline\\Pipeline.php(183): Illuminate\\Http\\Middleware\\TrustProxies->handle(Object(Illuminate\\Http\\Request), Object(Closure))
#43 E:\\ITTS\\Semester 3\\PAW\\PAWcode\\laravel\\modul6framework\\vendor\\laravel\\framework\\src\\Illuminate\\Foundation\\Http\\Middleware\\InvokeDeferredCallbacks.php(22): Illuminate\\Pipeline\\Pipeline->Illuminate\\Pipeline\\{closure}(Object(Illuminate\\Http\\Request))
#44 E:\\ITTS\\Semester 3\\PAW\\PAWcode\\laravel\\modul6framework\\vendor\\laravel\\framework\\src\\Illuminate\\Pipeline\\Pipeline.php(183): Illuminate\\Foundation\\Http\\Middleware\\InvokeDeferredCallbacks->handle(Object(Illuminate\\Http\\Request), Object(Closure))
#45 E:\\ITTS\\Semester 3\\PAW\\PAWcode\\laravel\\modul6framework\\vendor\\laravel\\framework\\src\\Illuminate\\Pipeline\\Pipeline.php(119): Illuminate\\Pipeline\\Pipeline->Illuminate\\Pipeline\\{closure}(Object(Illuminate\\Http\\Request))
#46 E:\\ITTS\\Semester 3\\PAW\\PAWcode\\laravel\\modul6framework\\vendor\\laravel\\framework\\src\\Illuminate\\Foundation\\Http\\Kernel.php(176): Illuminate\\Pipeline\\Pipeline->then(Object(Closure))
#47 E:\\ITTS\\Semester 3\\PAW\\PAWcode\\laravel\\modul6framework\\vendor\\laravel\\framework\\src\\Illuminate\\Foundation\\Http\\Kernel.php(145): Illuminate\\Foundation\\Http\\Kernel->sendRequestThroughRouter(Object(Illuminate\\Http\\Request))
#48 E:\\ITTS\\Semester 3\\PAW\\PAWcode\\laravel\\modul6framework\\vendor\\laravel\\framework\\src\\Illuminate\\Foundation\\Application.php(1190): Illuminate\\Foundation\\Http\\Kernel->handle(Object(Illuminate\\Http\\Request))
#49 E:\\ITTS\\Semester 3\\PAW\\PAWcode\\laravel\\modul6framework\\public\\index.php(17): Illuminate\\Foundation\\Application->handleRequest(Object(Illuminate\\Http\\Request))
#50 E:\\ITTS\\Semester 3\\PAW\\PAWcode\\laravel\\modul6framework\\vendor\\laravel\\framework\\src\\Illuminate\\Foundation\\resources\\server.php(23): require_once('E:\\\\ITTS\\\\Semeste...')
#51 {main}

[previous exception] [object] (PDOException(code: 1049): SQLSTATE[HY000] [1049] Unknown database 'laravel' at E:\\ITTS\\Semester 3\\PAW\\PAWcode\\laravel\\modul6framework\\vendor\\laravel\\framework\\src\\Illuminate\\Database\\Connectors\\Connector.php:66)
[stacktrace]
#0 E:\\ITTS\\Semester 3\\PAW\\PAWcode\\laravel\\modul6framework\\vendor\\laravel\\framework\\src\\Illuminate\\Database\\Connectors\\Connector.php(66): PDO->__construct('mysql:host=127....', 'root', Object(SensitiveParameterValue), Array)
#1 E:\\ITTS\\Semester 3\\PAW\\PAWcode\\laravel\\modul6framework\\vendor\\laravel\\framework\\src\\Illuminate\\Database\\Connectors\\Connector.php(44): Illuminate\\Database\\Connectors\\Connector->createPdoConnection('mysql:host=127....', 'root', Object(SensitiveParameterValue), Array)
#2 E:\\ITTS\\Semester 3\\PAW\\PAWcode\\laravel\\modul6framework\\vendor\\laravel\\framework\\src\\Illuminate\\Database\\Connectors\\MySqlConnector.php(24): Illuminate\\Database\\Connectors\\Connector->createConnection('mysql:host=127....', Array, Array)
#3 E:\\ITTS\\Semester 3\\PAW\\PAWcode\\laravel\\modul6framework\\vendor\\laravel\\framework\\src\\Illuminate\\Database\\Connectors\\ConnectionFactory.php(185): Illuminate\\Database\\Connectors\\MySqlConnector->connect(Array)
#4 [internal function]: Illuminate\\Database\\Connectors\\ConnectionFactory->Illuminate\\Database\\Connectors\\{closure}()
#5 E:\\ITTS\\Semester 3\\PAW\\PAWcode\\laravel\\modul6framework\\vendor\\laravel\\framework\\src\\Illuminate\\Database\\Connection.php(1231): call_user_func(Object(Closure))
#6 E:\\ITTS\\Semester 3\\PAW\\PAWcode\\laravel\\modul6framework\\vendor\\laravel\\framework\\src\\Illuminate\\Database\\Connection.php(1267): Illuminate\\Database\\Connection->getPdo()
#7 E:\\ITTS\\Semester 3\\PAW\\PAWcode\\laravel\\modul6framework\\vendor\\laravel\\framework\\src\\Illuminate\\Database\\Connection.php(512): Illuminate\\Database\\Connection->getReadPdo()
#8 E:\\ITTS\\Semester 3\\PAW\\PAWcode\\laravel\\modul6framework\\vendor\\laravel\\framework\\src\\Illuminate\\Database\\Connection.php(407): Illuminate\\Database\\Connection->getPdoForSelect(true)
#9 E:\\ITTS\\Semester 3\\PAW\\PAWcode\\laravel\\modul6framework\\vendor\\laravel\\framework\\src\\Illuminate\\Database\\Connection.php(812): Illuminate\\Database\\Connection->Illuminate\\Database\\{closure}('select * from `...', Array)
#10 E:\\ITTS\\Semester 3\\PAW\\PAWcode\\laravel\\modul6framework\\vendor\\laravel\\framework\\src\\Illuminate\\Database\\Connection.php(779): Illuminate\\Database\\Connection->runQueryCallback('select * from `...', Array, Object(Closure))
#11 E:\\ITTS\\Semester 3\\PAW\\PAWcode\\laravel\\modul6framework\\vendor\\laravel\\framework\\src\\Illuminate\\Database\\Connection.php(398): Illuminate\\Database\\Connection->run('select * from `...', Array, Object(Closure))
#12 E:\\ITTS\\Semester 3\\PAW\\PAWcode\\laravel\\modul6framework\\vendor\\laravel\\framework\\src\\Illuminate\\Database\\Query\\Builder.php(3133): Illuminate\\Database\\Connection->select('select * from `...', Array, true)
#13 E:\\ITTS\\Semester 3\\PAW\\PAWcode\\laravel\\modul6framework\\vendor\\laravel\\framework\\src\\Illuminate\\Database\\Query\\Builder.php(3118): Illuminate\\Database\\Query\\Builder->runSelect()
#14 E:\\ITTS\\Semester 3\\PAW\\PAWcode\\laravel\\modul6framework\\vendor\\laravel\\framework\\src\\Illuminate\\Database\\Query\\Builder.php(3706): Illuminate\\Database\\Query\\Builder->Illuminate\\Database\\Query\\{closure}()
#15 E:\\ITTS\\Semester 3\\PAW\\PAWcode\\laravel\\modul6framework\\vendor\\laravel\\framework\\src\\Illuminate\\Database\\Query\\Builder.php(3117): Illuminate\\Database\\Query\\Builder->onceWithColumns(Array, Object(Closure))
#16 E:\\ITTS\\Semester 3\\PAW\\PAWcode\\laravel\\modul6framework\\vendor\\laravel\\framework\\src\\Illuminate\\Database\\Concerns\\BuildsQueries.php(344): Illuminate\\Database\\Query\\Builder->get(Array)
#17 E:\\ITTS\\Semester 3\\PAW\\PAWcode\\laravel\\modul6framework\\vendor\\laravel\\framework\\src\\Illuminate\\Database\\Query\\Builder.php(3038): Illuminate\\Database\\Query\\Builder->first(Array)
#18 E:\\ITTS\\Semester 3\\PAW\\PAWcode\\laravel\\modul6framework\\vendor\\laravel\\framework\\src\\Illuminate\\Session\\DatabaseSessionHandler.php(97): Illuminate\\Database\\Query\\Builder->find('SmL0Gk0CGjgW36x...')
#19 E:\\ITTS\\Semester 3\\PAW\\PAWcode\\laravel\\modul6framework\\vendor\\laravel\\framework\\src\\Illuminate\\Session\\Store.php(116): Illuminate\\Session\\DatabaseSessionHandler->read('SmL0Gk0CGjgW36x...')
#20 E:\\ITTS\\Semester 3\\PAW\\PAWcode\\laravel\\modul6framework\\vendor\\laravel\\framework\\src\\Illuminate\\Session\\Store.php(104): Illuminate\\Session\\Store->readFromHandler()
#21 E:\\ITTS\\Semester 3\\PAW\\PAWcode\\laravel\\modul6framework\\vendor\\laravel\\framework\\src\\Illuminate\\Session\\Store.php(88): Illuminate\\Session\\Store->loadSession()
#22 E:\\ITTS\\Semester 3\\PAW\\PAWcode\\laravel\\modul6framework\\vendor\\laravel\\framework\\src\\Illuminate\\Session\\Middleware\\StartSession.php(147): Illuminate\\Session\\Store->start()
#23 E:\\ITTS\\Semester 3\\PAW\\PAWcode\\laravel\\modul6framework\\vendor\\laravel\\framework\\src\\Illuminate\\Support\\helpers.php(399): Illuminate\\Session\\Middleware\\StartSession->Illuminate\\Session\\Middleware\\{closure}(Object(Illuminate\\Session\\Store))
#24 E:\\ITTS\\Semester 3\\PAW\\PAWcode\\laravel\\modul6framework\\vendor\\laravel\\framework\\src\\Illuminate\\Session\\Middleware\\StartSession.php(144): tap(Object(Illuminate\\Session\\Store), Object(Closure))
#25 E:\\ITTS\\Semester 3\\PAW\\PAWcode\\laravel\\modul6framework\\vendor\\laravel\\framework\\src\\Illuminate\\Session\\Middleware\\StartSession.php(116): Illuminate\\Session\\Middleware\\StartSession->startSession(Object(Illuminate\\Http\\Request), Object(Illuminate\\Session\\Store))
#26 E:\\ITTS\\Semester 3\\PAW\\PAWcode\\laravel\\modul6framework\\vendor\\laravel\\framework\\src\\Illuminate\\Session\\Middleware\\StartSession.php(64): Illuminate\\Session\\Middleware\\StartSession->handleStatefulRequest(Object(Illuminate\\Http\\Request), Object(Illuminate\\Session\\Store), Object(Closure))
#27 E:\\ITTS\\Semester 3\\PAW\\PAWcode\\laravel\\modul6framework\\vendor\\laravel\\framework\\src\\Illuminate\\Pipeline\\Pipeline.php(183): Illuminate\\Session\\Middleware\\StartSession->handle(Object(Illuminate\\Http\\Request), Object(Closure))
#28 E:\\ITTS\\Semester 3\\PAW\\PAWcode\\laravel\\modul6framework\\vendor\\laravel\\framework\\src\\Illuminate\\Cookie\\Middleware\\AddQueuedCookiesToResponse.php(37): Illuminate\\Pipeline\\Pipeline->Illuminate\\Pipeline\\{closure}(Object(Illuminate\\Http\\Request))
#29 E:\\ITTS\\Semester 3\\PAW\\PAWcode\\laravel\\modul6framework\\vendor\\laravel\\framework\\src\\Illuminate\\Pipeline\\Pipeline.php(183): Illuminate\\Cookie\\Middleware\\AddQueuedCookiesToResponse->handle(Object(Illuminate\\Http\\Request), Object(Closure))
#30 E:\\ITTS\\Semester 3\\PAW\\PAWcode\\laravel\\modul6framework\\vendor\\laravel\\framework\\src\\Illuminate\\Cookie\\Middleware\\EncryptCookies.php(75): Illuminate\\Pipeline\\Pipeline->Illuminate\\Pipeline\\{closure}(Object(Illuminate\\Http\\Request))
#31 E:\\ITTS\\Semester 3\\PAW\\PAWcode\\laravel\\modul6framework\\vendor\\laravel\\framework\\src\\Illuminate\\Pipeline\\Pipeline.php(183): Illuminate\\Cookie\\Middleware\\EncryptCookies->handle(Object(Illuminate\\Http\\Request), Object(Closure))
#32 E:\\ITTS\\Semester 3\\PAW\\PAWcode\\laravel\\modul6framework\\vendor\\laravel\\framework\\src\\Illuminate\\Pipeline\\Pipeline.php(119): Illuminate\\Pipeline\\Pipeline->Illuminate\\Pipeline\\{closure}(Object(Illuminate\\Http\\Request))
#33 E:\\ITTS\\Semester 3\\PAW\\PAWcode\\laravel\\modul6framework\\vendor\\laravel\\framework\\src\\Illuminate\\Routing\\Router.php(807): Illuminate\\Pipeline\\Pipeline->then(Object(Closure))
#34 E:\\ITTS\\Semester 3\\PAW\\PAWcode\\laravel\\modul6framework\\vendor\\laravel\\framework\\src\\Illuminate\\Routing\\Router.php(786): Illuminate\\Routing\\Router->runRouteWithinStack(Object(Illuminate\\Routing\\Route), Object(Illuminate\\Http\\Request))
#35 E:\\ITTS\\Semester 3\\PAW\\PAWcode\\laravel\\modul6framework\\vendor\\laravel\\framework\\src\\Illuminate\\Routing\\Router.php(750): Illuminate\\Routing\\Router->runRoute(Object(Illuminate\\Http\\Request), Object(Illuminate\\Routing\\Route))
#36 E:\\ITTS\\Semester 3\\PAW\\PAWcode\\laravel\\modul6framework\\vendor\\laravel\\framework\\src\\Illuminate\\Routing\\Router.php(739): Illuminate\\Routing\\Router->dispatchToRoute(Object(Illuminate\\Http\\Request))
#37 E:\\ITTS\\Semester 3\\PAW\\PAWcode\\laravel\\modul6framework\\vendor\\laravel\\framework\\src\\Illuminate\\Foundation\\Http\\Kernel.php(201): Illuminate\\Routing\\Router->dispatch(Object(Illuminate\\Http\\Request))
#38 E:\\ITTS\\Semester 3\\PAW\\PAWcode\\laravel\\modul6framework\\vendor\\laravel\\framework\\src\\Illuminate\\Pipeline\\Pipeline.php(144): Illuminate\\Foundation\\Http\\Kernel->Illuminate\\Foundation\\Http\\{closure}(Object(Illuminate\\Http\\Request))
#39 E:\\ITTS\\Semester 3\\PAW\\PAWcode\\laravel\\modul6framework\\vendor\\laravel\\framework\\src\\Illuminate\\Foundation\\Http\\Middleware\\TransformsRequest.php(21): Illuminate\\Pipeline\\Pipeline->Illuminate\\Pipeline\\{closure}(Object(Illuminate\\Http\\Request))
#40 E:\\ITTS\\Semester 3\\PAW\\PAWcode\\laravel\\modul6framework\\vendor\\laravel\\framework\\src\\Illuminate\\Foundation\\Http\\Middleware\\ConvertEmptyStringsToNull.php(31): Illuminate\\Foundation\\Http\\Middleware\\TransformsRequest->handle(Object(Illuminate\\Http\\Request), Object(Closure))
#41 E:\\ITTS\\Semester 3\\PAW\\PAWcode\\laravel\\modul6framework\\vendor\\laravel\\framework\\src\\Illuminate\\Pipeline\\Pipeline.php(183): Illuminate\\Foundation\\Http\\Middleware\\ConvertEmptyStringsToNull->handle(Object(Illuminate\\Http\\Request), Object(Closure))
#42 E:\\ITTS\\Semester 3\\PAW\\PAWcode\\laravel\\modul6framework\\vendor\\laravel\\framework\\src\\Illuminate\\Foundation\\Http\\Middleware\\TransformsRequest.php(21): Illuminate\\Pipeline\\Pipeline->Illuminate\\Pipeline\\{closure}(Object(Illuminate\\Http\\Request))
#43 E:\\ITTS\\Semester 3\\PAW\\PAWcode\\laravel\\modul6framework\\vendor\\laravel\\framework\\src\\Illuminate\\Foundation\\Http\\Middleware\\TrimStrings.php(51): Illuminate\\Foundation\\Http\\Middleware\\TransformsRequest->handle(Object(Illuminate\\Http\\Request), Object(Closure))
#44 E:\\ITTS\\Semester 3\\PAW\\PAWcode\\laravel\\modul6framework\\vendor\\laravel\\framework\\src\\Illuminate\\Pipeline\\Pipeline.php(183): Illuminate\\Foundation\\Http\\Middleware\\TrimStrings->handle(Object(Illuminate\\Http\\Request), Object(Closure))
#45 E:\\ITTS\\Semester 3\\PAW\\PAWcode\\laravel\\modul6framework\\vendor\\laravel\\framework\\src\\Illuminate\\Http\\Middleware\\ValidatePostSize.php(27): Illuminate\\Pipeline\\Pipeline->Illuminate\\Pipeline\\{closure}(Object(Illuminate\\Http\\Request))
#46 E:\\ITTS\\Semester 3\\PAW\\PAWcode\\laravel\\modul6framework\\vendor\\laravel\\framework\\src\\Illuminate\\Pipeline\\Pipeline.php(183): Illuminate\\Http\\Middleware\\ValidatePostSize->handle(Object(Illuminate\\Http\\Request), Object(Closure))
#47 E:\\ITTS\\Semester 3\\PAW\\PAWcode\\laravel\\modul6framework\\vendor\\laravel\\framework\\src\\Illuminate\\Foundation\\Http\\Middleware\\PreventRequestsDuringMaintenance.php(110): Illuminate\\Pipeline\\Pipeline->Illuminate\\Pipeline\\{closure}(Object(Illuminate\\Http\\Request))
#48 E:\\ITTS\\Semester 3\\PAW\\PAWcode\\laravel\\modul6framework\\vendor\\laravel\\framework\\src\\Illuminate\\Pipeline\\Pipeline.php(183): Illuminate\\Foundation\\Http\\Middleware\\PreventRequestsDuringMaintenance->handle(Object(Illuminate\\Http\\Request), Object(Closure))
#49 E:\\ITTS\\Semester 3\\PAW\\PAWcode\\laravel\\modul6framework\\vendor\\laravel\\framework\\src\\Illuminate\\Http\\Middleware\\HandleCors.php(49): Illuminate\\Pipeline\\Pipeline->Illuminate\\Pipeline\\{closure}(Object(Illuminate\\Http\\Request))
#50 E:\\ITTS\\Semester 3\\PAW\\PAWcode\\laravel\\modul6framework\\vendor\\laravel\\framework\\src\\Illuminate\\Pipeline\\Pipeline.php(183): Illuminate\\Http\\Middleware\\HandleCors->handle(Object(Illuminate\\Http\\Request), Object(Closure))
#51 E:\\ITTS\\Semester 3\\PAW\\PAWcode\\laravel\\modul6framework\\vendor\\laravel\\framework\\src\\Illuminate\\Http\\Middleware\\TrustProxies.php(58): Illuminate\\Pipeline\\Pipeline->Illuminate\\Pipeline\\{closure}(Object(Illuminate\\Http\\Request))
#52 E:\\ITTS\\Semester 3\\PAW\\PAWcode\\laravel\\modul6framework\\vendor\\laravel\\framework\\src\\Illuminate\\Pipeline\\Pipeline.php(183): Illuminate\\Http\\Middleware\\TrustProxies->handle(Object(Illuminate\\Http\\Request), Object(Closure))
#53 E:\\ITTS\\Semester 3\\PAW\\PAWcode\\laravel\\modul6framework\\vendor\\laravel\\framework\\src\\Illuminate\\Foundation\\Http\\Middleware\\InvokeDeferredCallbacks.php(22): Illuminate\\Pipeline\\Pipeline->Illuminate\\Pipeline\\{closure}(Object(Illuminate\\Http\\Request))
#54 E:\\ITTS\\Semester 3\\PAW\\PAWcode\\laravel\\modul6framework\\vendor\\laravel\\framework\\src\\Illuminate\\Pipeline\\Pipeline.php(183): Illuminate\\Foundation\\Http\\Middleware\\InvokeDeferredCallbacks->handle(Object(Illuminate\\Http\\Request), Object(Closure))
#55 E:\\ITTS\\Semester 3\\PAW\\PAWcode\\laravel\\modul6framework\\vendor\\laravel\\framework\\src\\Illuminate\\Pipeline\\Pipeline.php(119): Illuminate\\Pipeline\\Pipeline->Illuminate\\Pipeline\\{closure}(Object(Illuminate\\Http\\Request))
#56 E:\\ITTS\\Semester 3\\PAW\\PAWcode\\laravel\\modul6framework\\vendor\\laravel\\framework\\src\\Illuminate\\Foundation\\Http\\Kernel.php(176): Illuminate\\Pipeline\\Pipeline->then(Object(Closure))
#57 E:\\ITTS\\Semester 3\\PAW\\PAWcode\\laravel\\modul6framework\\vendor\\laravel\\framework\\src\\Illuminate\\Foundation\\Http\\Kernel.php(145): Illuminate\\Foundation\\Http\\Kernel->sendRequestThroughRouter(Object(Illuminate\\Http\\Request))
#58 E:\\ITTS\\Semester 3\\PAW\\PAWcode\\laravel\\modul6framework\\vendor\\laravel\\framework\\src\\Illuminate\\Foundation\\Application.php(1190): Illuminate\\Foundation\\Http\\Kernel->handle(Object(Illuminate\\Http\\Request))
#59 E:\\ITTS\\Semester 3\\PAW\\PAWcode\\laravel\\modul6framework\\public\\index.php(17): Illuminate\\Foundation\\Application->handleRequest(Object(Illuminate\\Http\\Request))
#60 E:\\ITTS\\Semester 3\\PAW\\PAWcode\\laravel\\modul6framework\\vendor\\laravel\\framework\\src\\Illuminate\\Foundation\\resources\\server.php(23): require_once('E:\\\\ITTS\\\\Semeste...')
#61 {main}
"} 
[2025-01-08 11:34:33] local.ERROR: SQLSTATE[HY000] [1049] Unknown database 'da' (Connection: mysql, SQL: select * from `sessions` where `id` = SmL0Gk0CGjgW36xDFZ7xu9GQQ0NKo6ZjbgnYvole limit 1) {"exception":"[object] (Illuminate\\Database\\QueryException(code: 1049): SQLSTATE[HY000] [1049] Unknown database 'da' (Connection: mysql, SQL: select * from `sessions` where `id` = SmL0Gk0CGjgW36xDFZ7xu9GQQ0NKo6ZjbgnYvole limit 1) at E:\\ITTS\\Semester 3\\PAW\\PAWcode\\laravel\\modul6framework\\vendor\\laravel\\framework\\src\\Illuminate\\Database\\Connection.php:825)
[stacktrace]
#0 E:\\ITTS\\Semester 3\\PAW\\PAWcode\\laravel\\modul6framework\\vendor\\laravel\\framework\\src\\Illuminate\\Database\\Connection.php(779): Illuminate\\Database\\Connection->runQueryCallback('select * from `...', Array, Object(Closure))
#1 E:\\ITTS\\Semester 3\\PAW\\PAWcode\\laravel\\modul6framework\\vendor\\laravel\\framework\\src\\Illuminate\\Database\\Connection.php(398): Illuminate\\Database\\Connection->run('select * from `...', Array, Object(Closure))
#2 E:\\ITTS\\Semester 3\\PAW\\PAWcode\\laravel\\modul6framework\\vendor\\laravel\\framework\\src\\Illuminate\\Database\\Query\\Builder.php(3133): Illuminate\\Database\\Connection->select('select * from `...', Array, true)
#3 E:\\ITTS\\Semester 3\\PAW\\PAWcode\\laravel\\modul6framework\\vendor\\laravel\\framework\\src\\Illuminate\\Database\\Query\\Builder.php(3118): Illuminate\\Database\\Query\\Builder->runSelect()
#4 E:\\ITTS\\Semester 3\\PAW\\PAWcode\\laravel\\modul6framework\\vendor\\laravel\\framework\\src\\Illuminate\\Database\\Query\\Builder.php(3706): Illuminate\\Database\\Query\\Builder->Illuminate\\Database\\Query\\{closure}()
#5 E:\\ITTS\\Semester 3\\PAW\\PAWcode\\laravel\\modul6framework\\vendor\\laravel\\framework\\src\\Illuminate\\Database\\Query\\Builder.php(3117): Illuminate\\Database\\Query\\Builder->onceWithColumns(Array, Object(Closure))
#6 E:\\ITTS\\Semester 3\\PAW\\PAWcode\\laravel\\modul6framework\\vendor\\laravel\\framework\\src\\Illuminate\\Database\\Concerns\\BuildsQueries.php(344): Illuminate\\Database\\Query\\Builder->get(Array)
#7 E:\\ITTS\\Semester 3\\PAW\\PAWcode\\laravel\\modul6framework\\vendor\\laravel\\framework\\src\\Illuminate\\Database\\Query\\Builder.php(3038): Illuminate\\Database\\Query\\Builder->first(Array)
#8 E:\\ITTS\\Semester 3\\PAW\\PAWcode\\laravel\\modul6framework\\vendor\\laravel\\framework\\src\\Illuminate\\Session\\DatabaseSessionHandler.php(97): Illuminate\\Database\\Query\\Builder->find('SmL0Gk0CGjgW36x...')
#9 E:\\ITTS\\Semester 3\\PAW\\PAWcode\\laravel\\modul6framework\\vendor\\laravel\\framework\\src\\Illuminate\\Session\\Store.php(116): Illuminate\\Session\\DatabaseSessionHandler->read('SmL0Gk0CGjgW36x...')
#10 E:\\ITTS\\Semester 3\\PAW\\PAWcode\\laravel\\modul6framework\\vendor\\laravel\\framework\\src\\Illuminate\\Session\\Store.php(104): Illuminate\\Session\\Store->readFromHandler()
#11 E:\\ITTS\\Semester 3\\PAW\\PAWcode\\laravel\\modul6framework\\vendor\\laravel\\framework\\src\\Illuminate\\Session\\Store.php(88): Illuminate\\Session\\Store->loadSession()
#12 E:\\ITTS\\Semester 3\\PAW\\PAWcode\\laravel\\modul6framework\\vendor\\laravel\\framework\\src\\Illuminate\\Session\\Middleware\\StartSession.php(147): Illuminate\\Session\\Store->start()
#13 E:\\ITTS\\Semester 3\\PAW\\PAWcode\\laravel\\modul6framework\\vendor\\laravel\\framework\\src\\Illuminate\\Support\\helpers.php(399): Illuminate\\Session\\Middleware\\StartSession->Illuminate\\Session\\Middleware\\{closure}(Object(Illuminate\\Session\\Store))
#14 E:\\ITTS\\Semester 3\\PAW\\PAWcode\\laravel\\modul6framework\\vendor\\laravel\\framework\\src\\Illuminate\\Session\\Middleware\\StartSession.php(144): tap(Object(Illuminate\\Session\\Store), Object(Closure))
#15 E:\\ITTS\\Semester 3\\PAW\\PAWcode\\laravel\\modul6framework\\vendor\\laravel\\framework\\src\\Illuminate\\Session\\Middleware\\StartSession.php(116): Illuminate\\Session\\Middleware\\StartSession->startSession(Object(Illuminate\\Http\\Request), Object(Illuminate\\Session\\Store))
#16 E:\\ITTS\\Semester 3\\PAW\\PAWcode\\laravel\\modul6framework\\vendor\\laravel\\framework\\src\\Illuminate\\Session\\Middleware\\StartSession.php(64): Illuminate\\Session\\Middleware\\StartSession->handleStatefulRequest(Object(Illuminate\\Http\\Request), Object(Illuminate\\Session\\Store), Object(Closure))
#17 E:\\ITTS\\Semester 3\\PAW\\PAWcode\\laravel\\modul6framework\\vendor\\laravel\\framework\\src\\Illuminate\\Pipeline\\Pipeline.php(183): Illuminate\\Session\\Middleware\\StartSession->handle(Object(Illuminate\\Http\\Request), Object(Closure))
#18 E:\\ITTS\\Semester 3\\PAW\\PAWcode\\laravel\\modul6framework\\vendor\\laravel\\framework\\src\\Illuminate\\Cookie\\Middleware\\AddQueuedCookiesToResponse.php(37): Illuminate\\Pipeline\\Pipeline->Illuminate\\Pipeline\\{closure}(Object(Illuminate\\Http\\Request))
#19 E:\\ITTS\\Semester 3\\PAW\\PAWcode\\laravel\\modul6framework\\vendor\\laravel\\framework\\src\\Illuminate\\Pipeline\\Pipeline.php(183): Illuminate\\Cookie\\Middleware\\AddQueuedCookiesToResponse->handle(Object(Illuminate\\Http\\Request), Object(Closure))
#20 E:\\ITTS\\Semester 3\\PAW\\PAWcode\\laravel\\modul6framework\\vendor\\laravel\\framework\\src\\Illuminate\\Cookie\\Middleware\\EncryptCookies.php(75): Illuminate\\Pipeline\\Pipeline->Illuminate\\Pipeline\\{closure}(Object(Illuminate\\Http\\Request))
#21 E:\\ITTS\\Semester 3\\PAW\\PAWcode\\laravel\\modul6framework\\vendor\\laravel\\framework\\src\\Illuminate\\Pipeline\\Pipeline.php(183): Illuminate\\Cookie\\Middleware\\EncryptCookies->handle(Object(Illuminate\\Http\\Request), Object(Closure))
#22 E:\\ITTS\\Semester 3\\PAW\\PAWcode\\laravel\\modul6framework\\vendor\\laravel\\framework\\src\\Illuminate\\Pipeline\\Pipeline.php(119): Illuminate\\Pipeline\\Pipeline->Illuminate\\Pipeline\\{closure}(Object(Illuminate\\Http\\Request))
#23 E:\\ITTS\\Semester 3\\PAW\\PAWcode\\laravel\\modul6framework\\vendor\\laravel\\framework\\src\\Illuminate\\Routing\\Router.php(807): Illuminate\\Pipeline\\Pipeline->then(Object(Closure))
#24 E:\\ITTS\\Semester 3\\PAW\\PAWcode\\laravel\\modul6framework\\vendor\\laravel\\framework\\src\\Illuminate\\Routing\\Router.php(786): Illuminate\\Routing\\Router->runRouteWithinStack(Object(Illuminate\\Routing\\Route), Object(Illuminate\\Http\\Request))
#25 E:\\ITTS\\Semester 3\\PAW\\PAWcode\\laravel\\modul6framework\\vendor\\laravel\\framework\\src\\Illuminate\\Routing\\Router.php(750): Illuminate\\Routing\\Router->runRoute(Object(Illuminate\\Http\\Request), Object(Illuminate\\Routing\\Route))
#26 E:\\ITTS\\Semester 3\\PAW\\PAWcode\\laravel\\modul6framework\\vendor\\laravel\\framework\\src\\Illuminate\\Routing\\Router.php(739): Illuminate\\Routing\\Router->dispatchToRoute(Object(Illuminate\\Http\\Request))
#27 E:\\ITTS\\Semester 3\\PAW\\PAWcode\\laravel\\modul6framework\\vendor\\laravel\\framework\\src\\Illuminate\\Foundation\\Http\\Kernel.php(201): Illuminate\\Routing\\Router->dispatch(Object(Illuminate\\Http\\Request))
#28 E:\\ITTS\\Semester 3\\PAW\\PAWcode\\laravel\\modul6framework\\vendor\\laravel\\framework\\src\\Illuminate\\Pipeline\\Pipeline.php(144): Illuminate\\Foundation\\Http\\Kernel->Illuminate\\Foundation\\Http\\{closure}(Object(Illuminate\\Http\\Request))
#29 E:\\ITTS\\Semester 3\\PAW\\PAWcode\\laravel\\modul6framework\\vendor\\laravel\\framework\\src\\Illuminate\\Foundation\\Http\\Middleware\\TransformsRequest.php(21): Illuminate\\Pipeline\\Pipeline->Illuminate\\Pipeline\\{closure}(Object(Illuminate\\Http\\Request))
#30 E:\\ITTS\\Semester 3\\PAW\\PAWcode\\laravel\\modul6framework\\vendor\\laravel\\framework\\src\\Illuminate\\Foundation\\Http\\Middleware\\ConvertEmptyStringsToNull.php(31): Illuminate\\Foundation\\Http\\Middleware\\TransformsRequest->handle(Object(Illuminate\\Http\\Request), Object(Closure))
#31 E:\\ITTS\\Semester 3\\PAW\\PAWcode\\laravel\\modul6framework\\vendor\\laravel\\framework\\src\\Illuminate\\Pipeline\\Pipeline.php(183): Illuminate\\Foundation\\Http\\Middleware\\ConvertEmptyStringsToNull->handle(Object(Illuminate\\Http\\Request), Object(Closure))
#32 E:\\ITTS\\Semester 3\\PAW\\PAWcode\\laravel\\modul6framework\\vendor\\laravel\\framework\\src\\Illuminate\\Foundation\\Http\\Middleware\\TransformsRequest.php(21): Illuminate\\Pipeline\\Pipeline->Illuminate\\Pipeline\\{closure}(Object(Illuminate\\Http\\Request))
#33 E:\\ITTS\\Semester 3\\PAW\\PAWcode\\laravel\\modul6framework\\vendor\\laravel\\framework\\src\\Illuminate\\Foundation\\Http\\Middleware\\TrimStrings.php(51): Illuminate\\Foundation\\Http\\Middleware\\TransformsRequest->handle(Object(Illuminate\\Http\\Request), Object(Closure))
#34 E:\\ITTS\\Semester 3\\PAW\\PAWcode\\laravel\\modul6framework\\vendor\\laravel\\framework\\src\\Illuminate\\Pipeline\\Pipeline.php(183): Illuminate\\Foundation\\Http\\Middleware\\TrimStrings->handle(Object(Illuminate\\Http\\Request), Object(Closure))
#35 E:\\ITTS\\Semester 3\\PAW\\PAWcode\\laravel\\modul6framework\\vendor\\laravel\\framework\\src\\Illuminate\\Http\\Middleware\\ValidatePostSize.php(27): Illuminate\\Pipeline\\Pipeline->Illuminate\\Pipeline\\{closure}(Object(Illuminate\\Http\\Request))
#36 E:\\ITTS\\Semester 3\\PAW\\PAWcode\\laravel\\modul6framework\\vendor\\laravel\\framework\\src\\Illuminate\\Pipeline\\Pipeline.php(183): Illuminate\\Http\\Middleware\\ValidatePostSize->handle(Object(Illuminate\\Http\\Request), Object(Closure))
#37 E:\\ITTS\\Semester 3\\PAW\\PAWcode\\laravel\\modul6framework\\vendor\\laravel\\framework\\src\\Illuminate\\Foundation\\Http\\Middleware\\PreventRequestsDuringMaintenance.php(110): Illuminate\\Pipeline\\Pipeline->Illuminate\\Pipeline\\{closure}(Object(Illuminate\\Http\\Request))
#38 E:\\ITTS\\Semester 3\\PAW\\PAWcode\\laravel\\modul6framework\\vendor\\laravel\\framework\\src\\Illuminate\\Pipeline\\Pipeline.php(183): Illuminate\\Foundation\\Http\\Middleware\\PreventRequestsDuringMaintenance->handle(Object(Illuminate\\Http\\Request), Object(Closure))
#39 E:\\ITTS\\Semester 3\\PAW\\PAWcode\\laravel\\modul6framework\\vendor\\laravel\\framework\\src\\Illuminate\\Http\\Middleware\\HandleCors.php(49): Illuminate\\Pipeline\\Pipeline->Illuminate\\Pipeline\\{closure}(Object(Illuminate\\Http\\Request))
#40 E:\\ITTS\\Semester 3\\PAW\\PAWcode\\laravel\\modul6framework\\vendor\\laravel\\framework\\src\\Illuminate\\Pipeline\\Pipeline.php(183): Illuminate\\Http\\Middleware\\HandleCors->handle(Object(Illuminate\\Http\\Request), Object(Closure))
#41 E:\\ITTS\\Semester 3\\PAW\\PAWcode\\laravel\\modul6framework\\vendor\\laravel\\framework\\src\\Illuminate\\Http\\Middleware\\TrustProxies.php(58): Illuminate\\Pipeline\\Pipeline->Illuminate\\Pipeline\\{closure}(Object(Illuminate\\Http\\Request))
#42 E:\\ITTS\\Semester 3\\PAW\\PAWcode\\laravel\\modul6framework\\vendor\\laravel\\framework\\src\\Illuminate\\Pipeline\\Pipeline.php(183): Illuminate\\Http\\Middleware\\TrustProxies->handle(Object(Illuminate\\Http\\Request), Object(Closure))
#43 E:\\ITTS\\Semester 3\\PAW\\PAWcode\\laravel\\modul6framework\\vendor\\laravel\\framework\\src\\Illuminate\\Foundation\\Http\\Middleware\\InvokeDeferredCallbacks.php(22): Illuminate\\Pipeline\\Pipeline->Illuminate\\Pipeline\\{closure}(Object(Illuminate\\Http\\Request))
#44 E:\\ITTS\\Semester 3\\PAW\\PAWcode\\laravel\\modul6framework\\vendor\\laravel\\framework\\src\\Illuminate\\Pipeline\\Pipeline.php(183): Illuminate\\Foundation\\Http\\Middleware\\InvokeDeferredCallbacks->handle(Object(Illuminate\\Http\\Request), Object(Closure))
#45 E:\\ITTS\\Semester 3\\PAW\\PAWcode\\laravel\\modul6framework\\vendor\\laravel\\framework\\src\\Illuminate\\Pipeline\\Pipeline.php(119): Illuminate\\Pipeline\\Pipeline->Illuminate\\Pipeline\\{closure}(Object(Illuminate\\Http\\Request))
#46 E:\\ITTS\\Semester 3\\PAW\\PAWcode\\laravel\\modul6framework\\vendor\\laravel\\framework\\src\\Illuminate\\Foundation\\Http\\Kernel.php(176): Illuminate\\Pipeline\\Pipeline->then(Object(Closure))
#47 E:\\ITTS\\Semester 3\\PAW\\PAWcode\\laravel\\modul6framework\\vendor\\laravel\\framework\\src\\Illuminate\\Foundation\\Http\\Kernel.php(145): Illuminate\\Foundation\\Http\\Kernel->sendRequestThroughRouter(Object(Illuminate\\Http\\Request))
#48 E:\\ITTS\\Semester 3\\PAW\\PAWcode\\laravel\\modul6framework\\vendor\\laravel\\framework\\src\\Illuminate\\Foundation\\Application.php(1190): Illuminate\\Foundation\\Http\\Kernel->handle(Object(Illuminate\\Http\\Request))
#49 E:\\ITTS\\Semester 3\\PAW\\PAWcode\\laravel\\modul6framework\\public\\index.php(17): Illuminate\\Foundation\\Application->handleRequest(Object(Illuminate\\Http\\Request))
#50 E:\\ITTS\\Semester 3\\PAW\\PAWcode\\laravel\\modul6framework\\vendor\\laravel\\framework\\src\\Illuminate\\Foundation\\resources\\server.php(23): require_once('E:\\\\ITTS\\\\Semeste...')
#51 {main}

[previous exception] [object] (PDOException(code: 1049): SQLSTATE[HY000] [1049] Unknown database 'da' at E:\\ITTS\\Semester 3\\PAW\\PAWcode\\laravel\\modul6framework\\vendor\\laravel\\framework\\src\\Illuminate\\Database\\Connectors\\Connector.php:66)
[stacktrace]
#0 E:\\ITTS\\Semester 3\\PAW\\PAWcode\\laravel\\modul6framework\\vendor\\laravel\\framework\\src\\Illuminate\\Database\\Connectors\\Connector.php(66): PDO->__construct('mysql:host=127....', 'root', Object(SensitiveParameterValue), Array)
#1 E:\\ITTS\\Semester 3\\PAW\\PAWcode\\laravel\\modul6framework\\vendor\\laravel\\framework\\src\\Illuminate\\Database\\Connectors\\Connector.php(44): Illuminate\\Database\\Connectors\\Connector->createPdoConnection('mysql:host=127....', 'root', Object(SensitiveParameterValue), Array)
#2 E:\\ITTS\\Semester 3\\PAW\\PAWcode\\laravel\\modul6framework\\vendor\\laravel\\framework\\src\\Illuminate\\Database\\Connectors\\MySqlConnector.php(24): Illuminate\\Database\\Connectors\\Connector->createConnection('mysql:host=127....', Array, Array)
#3 E:\\ITTS\\Semester 3\\PAW\\PAWcode\\laravel\\modul6framework\\vendor\\laravel\\framework\\src\\Illuminate\\Database\\Connectors\\ConnectionFactory.php(185): Illuminate\\Database\\Connectors\\MySqlConnector->connect(Array)
#4 [internal function]: Illuminate\\Database\\Connectors\\ConnectionFactory->Illuminate\\Database\\Connectors\\{closure}()
#5 E:\\ITTS\\Semester 3\\PAW\\PAWcode\\laravel\\modul6framework\\vendor\\laravel\\framework\\src\\Illuminate\\Database\\Connection.php(1231): call_user_func(Object(Closure))
#6 E:\\ITTS\\Semester 3\\PAW\\PAWcode\\laravel\\modul6framework\\vendor\\laravel\\framework\\src\\Illuminate\\Database\\Connection.php(1267): Illuminate\\Database\\Connection->getPdo()
#7 E:\\ITTS\\Semester 3\\PAW\\PAWcode\\laravel\\modul6framework\\vendor\\laravel\\framework\\src\\Illuminate\\Database\\Connection.php(512): Illuminate\\Database\\Connection->getReadPdo()
#8 E:\\ITTS\\Semester 3\\PAW\\PAWcode\\laravel\\modul6framework\\vendor\\laravel\\framework\\src\\Illuminate\\Database\\Connection.php(407): Illuminate\\Database\\Connection->getPdoForSelect(true)
#9 E:\\ITTS\\Semester 3\\PAW\\PAWcode\\laravel\\modul6framework\\vendor\\laravel\\framework\\src\\Illuminate\\Database\\Connection.php(812): Illuminate\\Database\\Connection->Illuminate\\Database\\{closure}('select * from `...', Array)
#10 E:\\ITTS\\Semester 3\\PAW\\PAWcode\\laravel\\modul6framework\\vendor\\laravel\\framework\\src\\Illuminate\\Database\\Connection.php(779): Illuminate\\Database\\Connection->runQueryCallback('select * from `...', Array, Object(Closure))
#11 E:\\ITTS\\Semester 3\\PAW\\PAWcode\\laravel\\modul6framework\\vendor\\laravel\\framework\\src\\Illuminate\\Database\\Connection.php(398): Illuminate\\Database\\Connection->run('select * from `...', Array, Object(Closure))
#12 E:\\ITTS\\Semester 3\\PAW\\PAWcode\\laravel\\modul6framework\\vendor\\laravel\\framework\\src\\Illuminate\\Database\\Query\\Builder.php(3133): Illuminate\\Database\\Connection->select('select * from `...', Array, true)
#13 E:\\ITTS\\Semester 3\\PAW\\PAWcode\\laravel\\modul6framework\\vendor\\laravel\\framework\\src\\Illuminate\\Database\\Query\\Builder.php(3118): Illuminate\\Database\\Query\\Builder->runSelect()
#14 E:\\ITTS\\Semester 3\\PAW\\PAWcode\\laravel\\modul6framework\\vendor\\laravel\\framework\\src\\Illuminate\\Database\\Query\\Builder.php(3706): Illuminate\\Database\\Query\\Builder->Illuminate\\Database\\Query\\{closure}()
#15 E:\\ITTS\\Semester 3\\PAW\\PAWcode\\laravel\\modul6framework\\vendor\\laravel\\framework\\src\\Illuminate\\Database\\Query\\Builder.php(3117): Illuminate\\Database\\Query\\Builder->onceWithColumns(Array, Object(Closure))
#16 E:\\ITTS\\Semester 3\\PAW\\PAWcode\\laravel\\modul6framework\\vendor\\laravel\\framework\\src\\Illuminate\\Database\\Concerns\\BuildsQueries.php(344): Illuminate\\Database\\Query\\Builder->get(Array)
#17 E:\\ITTS\\Semester 3\\PAW\\PAWcode\\laravel\\modul6framework\\vendor\\laravel\\framework\\src\\Illuminate\\Database\\Query\\Builder.php(3038): Illuminate\\Database\\Query\\Builder->first(Array)
#18 E:\\ITTS\\Semester 3\\PAW\\PAWcode\\laravel\\modul6framework\\vendor\\laravel\\framework\\src\\Illuminate\\Session\\DatabaseSessionHandler.php(97): Illuminate\\Database\\Query\\Builder->find('SmL0Gk0CGjgW36x...')
#19 E:\\ITTS\\Semester 3\\PAW\\PAWcode\\laravel\\modul6framework\\vendor\\laravel\\framework\\src\\Illuminate\\Session\\Store.php(116): Illuminate\\Session\\DatabaseSessionHandler->read('SmL0Gk0CGjgW36x...')
#20 E:\\ITTS\\Semester 3\\PAW\\PAWcode\\laravel\\modul6framework\\vendor\\laravel\\framework\\src\\Illuminate\\Session\\Store.php(104): Illuminate\\Session\\Store->readFromHandler()
#21 E:\\ITTS\\Semester 3\\PAW\\PAWcode\\laravel\\modul6framework\\vendor\\laravel\\framework\\src\\Illuminate\\Session\\Store.php(88): Illuminate\\Session\\Store->loadSession()
#22 E:\\ITTS\\Semester 3\\PAW\\PAWcode\\laravel\\modul6framework\\vendor\\laravel\\framework\\src\\Illuminate\\Session\\Middleware\\StartSession.php(147): Illuminate\\Session\\Store->start()
#23 E:\\ITTS\\Semester 3\\PAW\\PAWcode\\laravel\\modul6framework\\vendor\\laravel\\framework\\src\\Illuminate\\Support\\helpers.php(399): Illuminate\\Session\\Middleware\\StartSession->Illuminate\\Session\\Middleware\\{closure}(Object(Illuminate\\Session\\Store))
#24 E:\\ITTS\\Semester 3\\PAW\\PAWcode\\laravel\\modul6framework\\vendor\\laravel\\framework\\src\\Illuminate\\Session\\Middleware\\StartSession.php(144): tap(Object(Illuminate\\Session\\Store), Object(Closure))
#25 E:\\ITTS\\Semester 3\\PAW\\PAWcode\\laravel\\modul6framework\\vendor\\laravel\\framework\\src\\Illuminate\\Session\\Middleware\\StartSession.php(116): Illuminate\\Session\\Middleware\\StartSession->startSession(Object(Illuminate\\Http\\Request), Object(Illuminate\\Session\\Store))
#26 E:\\ITTS\\Semester 3\\PAW\\PAWcode\\laravel\\modul6framework\\vendor\\laravel\\framework\\src\\Illuminate\\Session\\Middleware\\StartSession.php(64): Illuminate\\Session\\Middleware\\StartSession->handleStatefulRequest(Object(Illuminate\\Http\\Request), Object(Illuminate\\Session\\Store), Object(Closure))
#27 E:\\ITTS\\Semester 3\\PAW\\PAWcode\\laravel\\modul6framework\\vendor\\laravel\\framework\\src\\Illuminate\\Pipeline\\Pipeline.php(183): Illuminate\\Session\\Middleware\\StartSession->handle(Object(Illuminate\\Http\\Request), Object(Closure))
#28 E:\\ITTS\\Semester 3\\PAW\\PAWcode\\laravel\\modul6framework\\vendor\\laravel\\framework\\src\\Illuminate\\Cookie\\Middleware\\AddQueuedCookiesToResponse.php(37): Illuminate\\Pipeline\\Pipeline->Illuminate\\Pipeline\\{closure}(Object(Illuminate\\Http\\Request))
#29 E:\\ITTS\\Semester 3\\PAW\\PAWcode\\laravel\\modul6framework\\vendor\\laravel\\framework\\src\\Illuminate\\Pipeline\\Pipeline.php(183): Illuminate\\Cookie\\Middleware\\AddQueuedCookiesToResponse->handle(Object(Illuminate\\Http\\Request), Object(Closure))
#30 E:\\ITTS\\Semester 3\\PAW\\PAWcode\\laravel\\modul6framework\\vendor\\laravel\\framework\\src\\Illuminate\\Cookie\\Middleware\\EncryptCookies.php(75): Illuminate\\Pipeline\\Pipeline->Illuminate\\Pipeline\\{closure}(Object(Illuminate\\Http\\Request))
#31 E:\\ITTS\\Semester 3\\PAW\\PAWcode\\laravel\\modul6framework\\vendor\\laravel\\framework\\src\\Illuminate\\Pipeline\\Pipeline.php(183): Illuminate\\Cookie\\Middleware\\EncryptCookies->handle(Object(Illuminate\\Http\\Request), Object(Closure))
#32 E:\\ITTS\\Semester 3\\PAW\\PAWcode\\laravel\\modul6framework\\vendor\\laravel\\framework\\src\\Illuminate\\Pipeline\\Pipeline.php(119): Illuminate\\Pipeline\\Pipeline->Illuminate\\Pipeline\\{closure}(Object(Illuminate\\Http\\Request))
#33 E:\\ITTS\\Semester 3\\PAW\\PAWcode\\laravel\\modul6framework\\vendor\\laravel\\framework\\src\\Illuminate\\Routing\\Router.php(807): Illuminate\\Pipeline\\Pipeline->then(Object(Closure))
#34 E:\\ITTS\\Semester 3\\PAW\\PAWcode\\laravel\\modul6framework\\vendor\\laravel\\framework\\src\\Illuminate\\Routing\\Router.php(786): Illuminate\\Routing\\Router->runRouteWithinStack(Object(Illuminate\\Routing\\Route), Object(Illuminate\\Http\\Request))
#35 E:\\ITTS\\Semester 3\\PAW\\PAWcode\\laravel\\modul6framework\\vendor\\laravel\\framework\\src\\Illuminate\\Routing\\Router.php(750): Illuminate\\Routing\\Router->runRoute(Object(Illuminate\\Http\\Request), Object(Illuminate\\Routing\\Route))
#36 E:\\ITTS\\Semester 3\\PAW\\PAWcode\\laravel\\modul6framework\\vendor\\laravel\\framework\\src\\Illuminate\\Routing\\Router.php(739): Illuminate\\Routing\\Router->dispatchToRoute(Object(Illuminate\\Http\\Request))
#37 E:\\ITTS\\Semester 3\\PAW\\PAWcode\\laravel\\modul6framework\\vendor\\laravel\\framework\\src\\Illuminate\\Foundation\\Http\\Kernel.php(201): Illuminate\\Routing\\Router->dispatch(Object(Illuminate\\Http\\Request))
#38 E:\\ITTS\\Semester 3\\PAW\\PAWcode\\laravel\\modul6framework\\vendor\\laravel\\framework\\src\\Illuminate\\Pipeline\\Pipeline.php(144): Illuminate\\Foundation\\Http\\Kernel->Illuminate\\Foundation\\Http\\{closure}(Object(Illuminate\\Http\\Request))
#39 E:\\ITTS\\Semester 3\\PAW\\PAWcode\\laravel\\modul6framework\\vendor\\laravel\\framework\\src\\Illuminate\\Foundation\\Http\\Middleware\\TransformsRequest.php(21): Illuminate\\Pipeline\\Pipeline->Illuminate\\Pipeline\\{closure}(Object(Illuminate\\Http\\Request))
#40 E:\\ITTS\\Semester 3\\PAW\\PAWcode\\laravel\\modul6framework\\vendor\\laravel\\framework\\src\\Illuminate\\Foundation\\Http\\Middleware\\ConvertEmptyStringsToNull.php(31): Illuminate\\Foundation\\Http\\Middleware\\TransformsRequest->handle(Object(Illuminate\\Http\\Request), Object(Closure))
#41 E:\\ITTS\\Semester 3\\PAW\\PAWcode\\laravel\\modul6framework\\vendor\\laravel\\framework\\src\\Illuminate\\Pipeline\\Pipeline.php(183): Illuminate\\Foundation\\Http\\Middleware\\ConvertEmptyStringsToNull->handle(Object(Illuminate\\Http\\Request), Object(Closure))
#42 E:\\ITTS\\Semester 3\\PAW\\PAWcode\\laravel\\modul6framework\\vendor\\laravel\\framework\\src\\Illuminate\\Foundation\\Http\\Middleware\\TransformsRequest.php(21): Illuminate\\Pipeline\\Pipeline->Illuminate\\Pipeline\\{closure}(Object(Illuminate\\Http\\Request))
#43 E:\\ITTS\\Semester 3\\PAW\\PAWcode\\laravel\\modul6framework\\vendor\\laravel\\framework\\src\\Illuminate\\Foundation\\Http\\Middleware\\TrimStrings.php(51): Illuminate\\Foundation\\Http\\Middleware\\TransformsRequest->handle(Object(Illuminate\\Http\\Request), Object(Closure))
#44 E:\\ITTS\\Semester 3\\PAW\\PAWcode\\laravel\\modul6framework\\vendor\\laravel\\framework\\src\\Illuminate\\Pipeline\\Pipeline.php(183): Illuminate\\Foundation\\Http\\Middleware\\TrimStrings->handle(Object(Illuminate\\Http\\Request), Object(Closure))
#45 E:\\ITTS\\Semester 3\\PAW\\PAWcode\\laravel\\modul6framework\\vendor\\laravel\\framework\\src\\Illuminate\\Http\\Middleware\\ValidatePostSize.php(27): Illuminate\\Pipeline\\Pipeline->Illuminate\\Pipeline\\{closure}(Object(Illuminate\\Http\\Request))
#46 E:\\ITTS\\Semester 3\\PAW\\PAWcode\\laravel\\modul6framework\\vendor\\laravel\\framework\\src\\Illuminate\\Pipeline\\Pipeline.php(183): Illuminate\\Http\\Middleware\\ValidatePostSize->handle(Object(Illuminate\\Http\\Request), Object(Closure))
#47 E:\\ITTS\\Semester 3\\PAW\\PAWcode\\laravel\\modul6framework\\vendor\\laravel\\framework\\src\\Illuminate\\Foundation\\Http\\Middleware\\PreventRequestsDuringMaintenance.php(110): Illuminate\\Pipeline\\Pipeline->Illuminate\\Pipeline\\{closure}(Object(Illuminate\\Http\\Request))
#48 E:\\ITTS\\Semester 3\\PAW\\PAWcode\\laravel\\modul6framework\\vendor\\laravel\\framework\\src\\Illuminate\\Pipeline\\Pipeline.php(183): Illuminate\\Foundation\\Http\\Middleware\\PreventRequestsDuringMaintenance->handle(Object(Illuminate\\Http\\Request), Object(Closure))
#49 E:\\ITTS\\Semester 3\\PAW\\PAWcode\\laravel\\modul6framework\\vendor\\laravel\\framework\\src\\Illuminate\\Http\\Middleware\\HandleCors.php(49): Illuminate\\Pipeline\\Pipeline->Illuminate\\Pipeline\\{closure}(Object(Illuminate\\Http\\Request))
#50 E:\\ITTS\\Semester 3\\PAW\\PAWcode\\laravel\\modul6framework\\vendor\\laravel\\framework\\src\\Illuminate\\Pipeline\\Pipeline.php(183): Illuminate\\Http\\Middleware\\HandleCors->handle(Object(Illuminate\\Http\\Request), Object(Closure))
#51 E:\\ITTS\\Semester 3\\PAW\\PAWcode\\laravel\\modul6framework\\vendor\\laravel\\framework\\src\\Illuminate\\Http\\Middleware\\TrustProxies.php(58): Illuminate\\Pipeline\\Pipeline->Illuminate\\Pipeline\\{closure}(Object(Illuminate\\Http\\Request))
#52 E:\\ITTS\\Semester 3\\PAW\\PAWcode\\laravel\\modul6framework\\vendor\\laravel\\framework\\src\\Illuminate\\Pipeline\\Pipeline.php(183): Illuminate\\Http\\Middleware\\TrustProxies->handle(Object(Illuminate\\Http\\Request), Object(Closure))
#53 E:\\ITTS\\Semester 3\\PAW\\PAWcode\\laravel\\modul6framework\\vendor\\laravel\\framework\\src\\Illuminate\\Foundation\\Http\\Middleware\\InvokeDeferredCallbacks.php(22): Illuminate\\Pipeline\\Pipeline->Illuminate\\Pipeline\\{closure}(Object(Illuminate\\Http\\Request))
#54 E:\\ITTS\\Semester 3\\PAW\\PAWcode\\laravel\\modul6framework\\vendor\\laravel\\framework\\src\\Illuminate\\Pipeline\\Pipeline.php(183): Illuminate\\Foundation\\Http\\Middleware\\InvokeDeferredCallbacks->handle(Object(Illuminate\\Http\\Request), Object(Closure))
#55 E:\\ITTS\\Semester 3\\PAW\\PAWcode\\laravel\\modul6framework\\vendor\\laravel\\framework\\src\\Illuminate\\Pipeline\\Pipeline.php(119): Illuminate\\Pipeline\\Pipeline->Illuminate\\Pipeline\\{closure}(Object(Illuminate\\Http\\Request))
#56 E:\\ITTS\\Semester 3\\PAW\\PAWcode\\laravel\\modul6framework\\vendor\\laravel\\framework\\src\\Illuminate\\Foundation\\Http\\Kernel.php(176): Illuminate\\Pipeline\\Pipeline->then(Object(Closure))
#57 E:\\ITTS\\Semester 3\\PAW\\PAWcode\\laravel\\modul6framework\\vendor\\laravel\\framework\\src\\Illuminate\\Foundation\\Http\\Kernel.php(145): Illuminate\\Foundation\\Http\\Kernel->sendRequestThroughRouter(Object(Illuminate\\Http\\Request))
#58 E:\\ITTS\\Semester 3\\PAW\\PAWcode\\laravel\\modul6framework\\vendor\\laravel\\framework\\src\\Illuminate\\Foundation\\Application.php(1190): Illuminate\\Foundation\\Http\\Kernel->handle(Object(Illuminate\\Http\\Request))
#59 E:\\ITTS\\Semester 3\\PAW\\PAWcode\\laravel\\modul6framework\\public\\index.php(17): Illuminate\\Foundation\\Application->handleRequest(Object(Illuminate\\Http\\Request))
#60 E:\\ITTS\\Semester 3\\PAW\\PAWcode\\laravel\\modul6framework\\vendor\\laravel\\framework\\src\\Illuminate\\Foundation\\resources\\server.php(23): require_once('E:\\\\ITTS\\\\Semeste...')
#61 {main}
"} 
[2025-01-08 11:34:37] local.ERROR: SQLSTATE[HY000] [1049] Unknown database 'laravel' (Connection: mysql, SQL: select * from `sessions` where `id` = SmL0Gk0CGjgW36xDFZ7xu9GQQ0NKo6ZjbgnYvole limit 1) {"exception":"[object] (Illuminate\\Database\\QueryException(code: 1049): SQLSTATE[HY000] [1049] Unknown database 'laravel' (Connection: mysql, SQL: select * from `sessions` where `id` = SmL0Gk0CGjgW36xDFZ7xu9GQQ0NKo6ZjbgnYvole limit 1) at E:\\ITTS\\Semester 3\\PAW\\PAWcode\\laravel\\modul6framework\\vendor\\laravel\\framework\\src\\Illuminate\\Database\\Connection.php:825)
[stacktrace]
#0 E:\\ITTS\\Semester 3\\PAW\\PAWcode\\laravel\\modul6framework\\vendor\\laravel\\framework\\src\\Illuminate\\Database\\Connection.php(779): Illuminate\\Database\\Connection->runQueryCallback('select * from `...', Array, Object(Closure))
#1 E:\\ITTS\\Semester 3\\PAW\\PAWcode\\laravel\\modul6framework\\vendor\\laravel\\framework\\src\\Illuminate\\Database\\Connection.php(398): Illuminate\\Database\\Connection->run('select * from `...', Array, Object(Closure))
#2 E:\\ITTS\\Semester 3\\PAW\\PAWcode\\laravel\\modul6framework\\vendor\\laravel\\framework\\src\\Illuminate\\Database\\Query\\Builder.php(3133): Illuminate\\Database\\Connection->select('select * from `...', Array, true)
#3 E:\\ITTS\\Semester 3\\PAW\\PAWcode\\laravel\\modul6framework\\vendor\\laravel\\framework\\src\\Illuminate\\Database\\Query\\Builder.php(3118): Illuminate\\Database\\Query\\Builder->runSelect()
#4 E:\\ITTS\\Semester 3\\PAW\\PAWcode\\laravel\\modul6framework\\vendor\\laravel\\framework\\src\\Illuminate\\Database\\Query\\Builder.php(3706): Illuminate\\Database\\Query\\Builder->Illuminate\\Database\\Query\\{closure}()
#5 E:\\ITTS\\Semester 3\\PAW\\PAWcode\\laravel\\modul6framework\\vendor\\laravel\\framework\\src\\Illuminate\\Database\\Query\\Builder.php(3117): Illuminate\\Database\\Query\\Builder->onceWithColumns(Array, Object(Closure))
#6 E:\\ITTS\\Semester 3\\PAW\\PAWcode\\laravel\\modul6framework\\vendor\\laravel\\framework\\src\\Illuminate\\Database\\Concerns\\BuildsQueries.php(344): Illuminate\\Database\\Query\\Builder->get(Array)
#7 E:\\ITTS\\Semester 3\\PAW\\PAWcode\\laravel\\modul6framework\\vendor\\laravel\\framework\\src\\Illuminate\\Database\\Query\\Builder.php(3038): Illuminate\\Database\\Query\\Builder->first(Array)
#8 E:\\ITTS\\Semester 3\\PAW\\PAWcode\\laravel\\modul6framework\\vendor\\laravel\\framework\\src\\Illuminate\\Session\\DatabaseSessionHandler.php(97): Illuminate\\Database\\Query\\Builder->find('SmL0Gk0CGjgW36x...')
#9 E:\\ITTS\\Semester 3\\PAW\\PAWcode\\laravel\\modul6framework\\vendor\\laravel\\framework\\src\\Illuminate\\Session\\Store.php(116): Illuminate\\Session\\DatabaseSessionHandler->read('SmL0Gk0CGjgW36x...')
#10 E:\\ITTS\\Semester 3\\PAW\\PAWcode\\laravel\\modul6framework\\vendor\\laravel\\framework\\src\\Illuminate\\Session\\Store.php(104): Illuminate\\Session\\Store->readFromHandler()
#11 E:\\ITTS\\Semester 3\\PAW\\PAWcode\\laravel\\modul6framework\\vendor\\laravel\\framework\\src\\Illuminate\\Session\\Store.php(88): Illuminate\\Session\\Store->loadSession()
#12 E:\\ITTS\\Semester 3\\PAW\\PAWcode\\laravel\\modul6framework\\vendor\\laravel\\framework\\src\\Illuminate\\Session\\Middleware\\StartSession.php(147): Illuminate\\Session\\Store->start()
#13 E:\\ITTS\\Semester 3\\PAW\\PAWcode\\laravel\\modul6framework\\vendor\\laravel\\framework\\src\\Illuminate\\Support\\helpers.php(399): Illuminate\\Session\\Middleware\\StartSession->Illuminate\\Session\\Middleware\\{closure}(Object(Illuminate\\Session\\Store))
#14 E:\\ITTS\\Semester 3\\PAW\\PAWcode\\laravel\\modul6framework\\vendor\\laravel\\framework\\src\\Illuminate\\Session\\Middleware\\StartSession.php(144): tap(Object(Illuminate\\Session\\Store), Object(Closure))
#15 E:\\ITTS\\Semester 3\\PAW\\PAWcode\\laravel\\modul6framework\\vendor\\laravel\\framework\\src\\Illuminate\\Session\\Middleware\\StartSession.php(116): Illuminate\\Session\\Middleware\\StartSession->startSession(Object(Illuminate\\Http\\Request), Object(Illuminate\\Session\\Store))
#16 E:\\ITTS\\Semester 3\\PAW\\PAWcode\\laravel\\modul6framework\\vendor\\laravel\\framework\\src\\Illuminate\\Session\\Middleware\\StartSession.php(64): Illuminate\\Session\\Middleware\\StartSession->handleStatefulRequest(Object(Illuminate\\Http\\Request), Object(Illuminate\\Session\\Store), Object(Closure))
#17 E:\\ITTS\\Semester 3\\PAW\\PAWcode\\laravel\\modul6framework\\vendor\\laravel\\framework\\src\\Illuminate\\Pipeline\\Pipeline.php(183): Illuminate\\Session\\Middleware\\StartSession->handle(Object(Illuminate\\Http\\Request), Object(Closure))
#18 E:\\ITTS\\Semester 3\\PAW\\PAWcode\\laravel\\modul6framework\\vendor\\laravel\\framework\\src\\Illuminate\\Cookie\\Middleware\\AddQueuedCookiesToResponse.php(37): Illuminate\\Pipeline\\Pipeline->Illuminate\\Pipeline\\{closure}(Object(Illuminate\\Http\\Request))
#19 E:\\ITTS\\Semester 3\\PAW\\PAWcode\\laravel\\modul6framework\\vendor\\laravel\\framework\\src\\Illuminate\\Pipeline\\Pipeline.php(183): Illuminate\\Cookie\\Middleware\\AddQueuedCookiesToResponse->handle(Object(Illuminate\\Http\\Request), Object(Closure))
#20 E:\\ITTS\\Semester 3\\PAW\\PAWcode\\laravel\\modul6framework\\vendor\\laravel\\framework\\src\\Illuminate\\Cookie\\Middleware\\EncryptCookies.php(75): Illuminate\\Pipeline\\Pipeline->Illuminate\\Pipeline\\{closure}(Object(Illuminate\\Http\\Request))
#21 E:\\ITTS\\Semester 3\\PAW\\PAWcode\\laravel\\modul6framework\\vendor\\laravel\\framework\\src\\Illuminate\\Pipeline\\Pipeline.php(183): Illuminate\\Cookie\\Middleware\\EncryptCookies->handle(Object(Illuminate\\Http\\Request), Object(Closure))
#22 E:\\ITTS\\Semester 3\\PAW\\PAWcode\\laravel\\modul6framework\\vendor\\laravel\\framework\\src\\Illuminate\\Pipeline\\Pipeline.php(119): Illuminate\\Pipeline\\Pipeline->Illuminate\\Pipeline\\{closure}(Object(Illuminate\\Http\\Request))
#23 E:\\ITTS\\Semester 3\\PAW\\PAWcode\\laravel\\modul6framework\\vendor\\laravel\\framework\\src\\Illuminate\\Routing\\Router.php(807): Illuminate\\Pipeline\\Pipeline->then(Object(Closure))
#24 E:\\ITTS\\Semester 3\\PAW\\PAWcode\\laravel\\modul6framework\\vendor\\laravel\\framework\\src\\Illuminate\\Routing\\Router.php(786): Illuminate\\Routing\\Router->runRouteWithinStack(Object(Illuminate\\Routing\\Route), Object(Illuminate\\Http\\Request))
#25 E:\\ITTS\\Semester 3\\PAW\\PAWcode\\laravel\\modul6framework\\vendor\\laravel\\framework\\src\\Illuminate\\Routing\\Router.php(750): Illuminate\\Routing\\Router->runRoute(Object(Illuminate\\Http\\Request), Object(Illuminate\\Routing\\Route))
#26 E:\\ITTS\\Semester 3\\PAW\\PAWcode\\laravel\\modul6framework\\vendor\\laravel\\framework\\src\\Illuminate\\Routing\\Router.php(739): Illuminate\\Routing\\Router->dispatchToRoute(Object(Illuminate\\Http\\Request))
#27 E:\\ITTS\\Semester 3\\PAW\\PAWcode\\laravel\\modul6framework\\vendor\\laravel\\framework\\src\\Illuminate\\Foundation\\Http\\Kernel.php(201): Illuminate\\Routing\\Router->dispatch(Object(Illuminate\\Http\\Request))
#28 E:\\ITTS\\Semester 3\\PAW\\PAWcode\\laravel\\modul6framework\\vendor\\laravel\\framework\\src\\Illuminate\\Pipeline\\Pipeline.php(144): Illuminate\\Foundation\\Http\\Kernel->Illuminate\\Foundation\\Http\\{closure}(Object(Illuminate\\Http\\Request))
#29 E:\\ITTS\\Semester 3\\PAW\\PAWcode\\laravel\\modul6framework\\vendor\\laravel\\framework\\src\\Illuminate\\Foundation\\Http\\Middleware\\TransformsRequest.php(21): Illuminate\\Pipeline\\Pipeline->Illuminate\\Pipeline\\{closure}(Object(Illuminate\\Http\\Request))
#30 E:\\ITTS\\Semester 3\\PAW\\PAWcode\\laravel\\modul6framework\\vendor\\laravel\\framework\\src\\Illuminate\\Foundation\\Http\\Middleware\\ConvertEmptyStringsToNull.php(31): Illuminate\\Foundation\\Http\\Middleware\\TransformsRequest->handle(Object(Illuminate\\Http\\Request), Object(Closure))
#31 E:\\ITTS\\Semester 3\\PAW\\PAWcode\\laravel\\modul6framework\\vendor\\laravel\\framework\\src\\Illuminate\\Pipeline\\Pipeline.php(183): Illuminate\\Foundation\\Http\\Middleware\\ConvertEmptyStringsToNull->handle(Object(Illuminate\\Http\\Request), Object(Closure))
#32 E:\\ITTS\\Semester 3\\PAW\\PAWcode\\laravel\\modul6framework\\vendor\\laravel\\framework\\src\\Illuminate\\Foundation\\Http\\Middleware\\TransformsRequest.php(21): Illuminate\\Pipeline\\Pipeline->Illuminate\\Pipeline\\{closure}(Object(Illuminate\\Http\\Request))
#33 E:\\ITTS\\Semester 3\\PAW\\PAWcode\\laravel\\modul6framework\\vendor\\laravel\\framework\\src\\Illuminate\\Foundation\\Http\\Middleware\\TrimStrings.php(51): Illuminate\\Foundation\\Http\\Middleware\\TransformsRequest->handle(Object(Illuminate\\Http\\Request), Object(Closure))
#34 E:\\ITTS\\Semester 3\\PAW\\PAWcode\\laravel\\modul6framework\\vendor\\laravel\\framework\\src\\Illuminate\\Pipeline\\Pipeline.php(183): Illuminate\\Foundation\\Http\\Middleware\\TrimStrings->handle(Object(Illuminate\\Http\\Request), Object(Closure))
#35 E:\\ITTS\\Semester 3\\PAW\\PAWcode\\laravel\\modul6framework\\vendor\\laravel\\framework\\src\\Illuminate\\Http\\Middleware\\ValidatePostSize.php(27): Illuminate\\Pipeline\\Pipeline->Illuminate\\Pipeline\\{closure}(Object(Illuminate\\Http\\Request))
#36 E:\\ITTS\\Semester 3\\PAW\\PAWcode\\laravel\\modul6framework\\vendor\\laravel\\framework\\src\\Illuminate\\Pipeline\\Pipeline.php(183): Illuminate\\Http\\Middleware\\ValidatePostSize->handle(Object(Illuminate\\Http\\Request), Object(Closure))
#37 E:\\ITTS\\Semester 3\\PAW\\PAWcode\\laravel\\modul6framework\\vendor\\laravel\\framework\\src\\Illuminate\\Foundation\\Http\\Middleware\\PreventRequestsDuringMaintenance.php(110): Illuminate\\Pipeline\\Pipeline->Illuminate\\Pipeline\\{closure}(Object(Illuminate\\Http\\Request))
#38 E:\\ITTS\\Semester 3\\PAW\\PAWcode\\laravel\\modul6framework\\vendor\\laravel\\framework\\src\\Illuminate\\Pipeline\\Pipeline.php(183): Illuminate\\Foundation\\Http\\Middleware\\PreventRequestsDuringMaintenance->handle(Object(Illuminate\\Http\\Request), Object(Closure))
#39 E:\\ITTS\\Semester 3\\PAW\\PAWcode\\laravel\\modul6framework\\vendor\\laravel\\framework\\src\\Illuminate\\Http\\Middleware\\HandleCors.php(49): Illuminate\\Pipeline\\Pipeline->Illuminate\\Pipeline\\{closure}(Object(Illuminate\\Http\\Request))
#40 E:\\ITTS\\Semester 3\\PAW\\PAWcode\\laravel\\modul6framework\\vendor\\laravel\\framework\\src\\Illuminate\\Pipeline\\Pipeline.php(183): Illuminate\\Http\\Middleware\\HandleCors->handle(Object(Illuminate\\Http\\Request), Object(Closure))
#41 E:\\ITTS\\Semester 3\\PAW\\PAWcode\\laravel\\modul6framework\\vendor\\laravel\\framework\\src\\Illuminate\\Http\\Middleware\\TrustProxies.php(58): Illuminate\\Pipeline\\Pipeline->Illuminate\\Pipeline\\{closure}(Object(Illuminate\\Http\\Request))
#42 E:\\ITTS\\Semester 3\\PAW\\PAWcode\\laravel\\modul6framework\\vendor\\laravel\\framework\\src\\Illuminate\\Pipeline\\Pipeline.php(183): Illuminate\\Http\\Middleware\\TrustProxies->handle(Object(Illuminate\\Http\\Request), Object(Closure))
#43 E:\\ITTS\\Semester 3\\PAW\\PAWcode\\laravel\\modul6framework\\vendor\\laravel\\framework\\src\\Illuminate\\Foundation\\Http\\Middleware\\InvokeDeferredCallbacks.php(22): Illuminate\\Pipeline\\Pipeline->Illuminate\\Pipeline\\{closure}(Object(Illuminate\\Http\\Request))
#44 E:\\ITTS\\Semester 3\\PAW\\PAWcode\\laravel\\modul6framework\\vendor\\laravel\\framework\\src\\Illuminate\\Pipeline\\Pipeline.php(183): Illuminate\\Foundation\\Http\\Middleware\\InvokeDeferredCallbacks->handle(Object(Illuminate\\Http\\Request), Object(Closure))
#45 E:\\ITTS\\Semester 3\\PAW\\PAWcode\\laravel\\modul6framework\\vendor\\laravel\\framework\\src\\Illuminate\\Pipeline\\Pipeline.php(119): Illuminate\\Pipeline\\Pipeline->Illuminate\\Pipeline\\{closure}(Object(Illuminate\\Http\\Request))
#46 E:\\ITTS\\Semester 3\\PAW\\PAWcode\\laravel\\modul6framework\\vendor\\laravel\\framework\\src\\Illuminate\\Foundation\\Http\\Kernel.php(176): Illuminate\\Pipeline\\Pipeline->then(Object(Closure))
#47 E:\\ITTS\\Semester 3\\PAW\\PAWcode\\laravel\\modul6framework\\vendor\\laravel\\framework\\src\\Illuminate\\Foundation\\Http\\Kernel.php(145): Illuminate\\Foundation\\Http\\Kernel->sendRequestThroughRouter(Object(Illuminate\\Http\\Request))
#48 E:\\ITTS\\Semester 3\\PAW\\PAWcode\\laravel\\modul6framework\\vendor\\laravel\\framework\\src\\Illuminate\\Foundation\\Application.php(1190): Illuminate\\Foundation\\Http\\Kernel->handle(Object(Illuminate\\Http\\Request))
#49 E:\\ITTS\\Semester 3\\PAW\\PAWcode\\laravel\\modul6framework\\public\\index.php(17): Illuminate\\Foundation\\Application->handleRequest(Object(Illuminate\\Http\\Request))
#50 E:\\ITTS\\Semester 3\\PAW\\PAWcode\\laravel\\modul6framework\\vendor\\laravel\\framework\\src\\Illuminate\\Foundation\\resources\\server.php(23): require_once('E:\\\\ITTS\\\\Semeste...')
#51 {main}

[previous exception] [object] (PDOException(code: 1049): SQLSTATE[HY000] [1049] Unknown database 'laravel' at E:\\ITTS\\Semester 3\\PAW\\PAWcode\\laravel\\modul6framework\\vendor\\laravel\\framework\\src\\Illuminate\\Database\\Connectors\\Connector.php:66)
[stacktrace]
#0 E:\\ITTS\\Semester 3\\PAW\\PAWcode\\laravel\\modul6framework\\vendor\\laravel\\framework\\src\\Illuminate\\Database\\Connectors\\Connector.php(66): PDO->__construct('mysql:host=127....', 'root', Object(SensitiveParameterValue), Array)
#1 E:\\ITTS\\Semester 3\\PAW\\PAWcode\\laravel\\modul6framework\\vendor\\laravel\\framework\\src\\Illuminate\\Database\\Connectors\\Connector.php(44): Illuminate\\Database\\Connectors\\Connector->createPdoConnection('mysql:host=127....', 'root', Object(SensitiveParameterValue), Array)
#2 E:\\ITTS\\Semester 3\\PAW\\PAWcode\\laravel\\modul6framework\\vendor\\laravel\\framework\\src\\Illuminate\\Database\\Connectors\\MySqlConnector.php(24): Illuminate\\Database\\Connectors\\Connector->createConnection('mysql:host=127....', Array, Array)
#3 E:\\ITTS\\Semester 3\\PAW\\PAWcode\\laravel\\modul6framework\\vendor\\laravel\\framework\\src\\Illuminate\\Database\\Connectors\\ConnectionFactory.php(185): Illuminate\\Database\\Connectors\\MySqlConnector->connect(Array)
#4 [internal function]: Illuminate\\Database\\Connectors\\ConnectionFactory->Illuminate\\Database\\Connectors\\{closure}()
#5 E:\\ITTS\\Semester 3\\PAW\\PAWcode\\laravel\\modul6framework\\vendor\\laravel\\framework\\src\\Illuminate\\Database\\Connection.php(1231): call_user_func(Object(Closure))
#6 E:\\ITTS\\Semester 3\\PAW\\PAWcode\\laravel\\modul6framework\\vendor\\laravel\\framework\\src\\Illuminate\\Database\\Connection.php(1267): Illuminate\\Database\\Connection->getPdo()
#7 E:\\ITTS\\Semester 3\\PAW\\PAWcode\\laravel\\modul6framework\\vendor\\laravel\\framework\\src\\Illuminate\\Database\\Connection.php(512): Illuminate\\Database\\Connection->getReadPdo()
#8 E:\\ITTS\\Semester 3\\PAW\\PAWcode\\laravel\\modul6framework\\vendor\\laravel\\framework\\src\\Illuminate\\Database\\Connection.php(407): Illuminate\\Database\\Connection->getPdoForSelect(true)
#9 E:\\ITTS\\Semester 3\\PAW\\PAWcode\\laravel\\modul6framework\\vendor\\laravel\\framework\\src\\Illuminate\\Database\\Connection.php(812): Illuminate\\Database\\Connection->Illuminate\\Database\\{closure}('select * from `...', Array)
#10 E:\\ITTS\\Semester 3\\PAW\\PAWcode\\laravel\\modul6framework\\vendor\\laravel\\framework\\src\\Illuminate\\Database\\Connection.php(779): Illuminate\\Database\\Connection->runQueryCallback('select * from `...', Array, Object(Closure))
#11 E:\\ITTS\\Semester 3\\PAW\\PAWcode\\laravel\\modul6framework\\vendor\\laravel\\framework\\src\\Illuminate\\Database\\Connection.php(398): Illuminate\\Database\\Connection->run('select * from `...', Array, Object(Closure))
#12 E:\\ITTS\\Semester 3\\PAW\\PAWcode\\laravel\\modul6framework\\vendor\\laravel\\framework\\src\\Illuminate\\Database\\Query\\Builder.php(3133): Illuminate\\Database\\Connection->select('select * from `...', Array, true)
#13 E:\\ITTS\\Semester 3\\PAW\\PAWcode\\laravel\\modul6framework\\vendor\\laravel\\framework\\src\\Illuminate\\Database\\Query\\Builder.php(3118): Illuminate\\Database\\Query\\Builder->runSelect()
#14 E:\\ITTS\\Semester 3\\PAW\\PAWcode\\laravel\\modul6framework\\vendor\\laravel\\framework\\src\\Illuminate\\Database\\Query\\Builder.php(3706): Illuminate\\Database\\Query\\Builder->Illuminate\\Database\\Query\\{closure}()
#15 E:\\ITTS\\Semester 3\\PAW\\PAWcode\\laravel\\modul6framework\\vendor\\laravel\\framework\\src\\Illuminate\\Database\\Query\\Builder.php(3117): Illuminate\\Database\\Query\\Builder->onceWithColumns(Array, Object(Closure))
#16 E:\\ITTS\\Semester 3\\PAW\\PAWcode\\laravel\\modul6framework\\vendor\\laravel\\framework\\src\\Illuminate\\Database\\Concerns\\BuildsQueries.php(344): Illuminate\\Database\\Query\\Builder->get(Array)
#17 E:\\ITTS\\Semester 3\\PAW\\PAWcode\\laravel\\modul6framework\\vendor\\laravel\\framework\\src\\Illuminate\\Database\\Query\\Builder.php(3038): Illuminate\\Database\\Query\\Builder->first(Array)
#18 E:\\ITTS\\Semester 3\\PAW\\PAWcode\\laravel\\modul6framework\\vendor\\laravel\\framework\\src\\Illuminate\\Session\\DatabaseSessionHandler.php(97): Illuminate\\Database\\Query\\Builder->find('SmL0Gk0CGjgW36x...')
#19 E:\\ITTS\\Semester 3\\PAW\\PAWcode\\laravel\\modul6framework\\vendor\\laravel\\framework\\src\\Illuminate\\Session\\Store.php(116): Illuminate\\Session\\DatabaseSessionHandler->read('SmL0Gk0CGjgW36x...')
#20 E:\\ITTS\\Semester 3\\PAW\\PAWcode\\laravel\\modul6framework\\vendor\\laravel\\framework\\src\\Illuminate\\Session\\Store.php(104): Illuminate\\Session\\Store->readFromHandler()
#21 E:\\ITTS\\Semester 3\\PAW\\PAWcode\\laravel\\modul6framework\\vendor\\laravel\\framework\\src\\Illuminate\\Session\\Store.php(88): Illuminate\\Session\\Store->loadSession()
#22 E:\\ITTS\\Semester 3\\PAW\\PAWcode\\laravel\\modul6framework\\vendor\\laravel\\framework\\src\\Illuminate\\Session\\Middleware\\StartSession.php(147): Illuminate\\Session\\Store->start()
#23 E:\\ITTS\\Semester 3\\PAW\\PAWcode\\laravel\\modul6framework\\vendor\\laravel\\framework\\src\\Illuminate\\Support\\helpers.php(399): Illuminate\\Session\\Middleware\\StartSession->Illuminate\\Session\\Middleware\\{closure}(Object(Illuminate\\Session\\Store))
#24 E:\\ITTS\\Semester 3\\PAW\\PAWcode\\laravel\\modul6framework\\vendor\\laravel\\framework\\src\\Illuminate\\Session\\Middleware\\StartSession.php(144): tap(Object(Illuminate\\Session\\Store), Object(Closure))
#25 E:\\ITTS\\Semester 3\\PAW\\PAWcode\\laravel\\modul6framework\\vendor\\laravel\\framework\\src\\Illuminate\\Session\\Middleware\\StartSession.php(116): Illuminate\\Session\\Middleware\\StartSession->startSession(Object(Illuminate\\Http\\Request), Object(Illuminate\\Session\\Store))
#26 E:\\ITTS\\Semester 3\\PAW\\PAWcode\\laravel\\modul6framework\\vendor\\laravel\\framework\\src\\Illuminate\\Session\\Middleware\\StartSession.php(64): Illuminate\\Session\\Middleware\\StartSession->handleStatefulRequest(Object(Illuminate\\Http\\Request), Object(Illuminate\\Session\\Store), Object(Closure))
#27 E:\\ITTS\\Semester 3\\PAW\\PAWcode\\laravel\\modul6framework\\vendor\\laravel\\framework\\src\\Illuminate\\Pipeline\\Pipeline.php(183): Illuminate\\Session\\Middleware\\StartSession->handle(Object(Illuminate\\Http\\Request), Object(Closure))
#28 E:\\ITTS\\Semester 3\\PAW\\PAWcode\\laravel\\modul6framework\\vendor\\laravel\\framework\\src\\Illuminate\\Cookie\\Middleware\\AddQueuedCookiesToResponse.php(37): Illuminate\\Pipeline\\Pipeline->Illuminate\\Pipeline\\{closure}(Object(Illuminate\\Http\\Request))
#29 E:\\ITTS\\Semester 3\\PAW\\PAWcode\\laravel\\modul6framework\\vendor\\laravel\\framework\\src\\Illuminate\\Pipeline\\Pipeline.php(183): Illuminate\\Cookie\\Middleware\\AddQueuedCookiesToResponse->handle(Object(Illuminate\\Http\\Request), Object(Closure))
#30 E:\\ITTS\\Semester 3\\PAW\\PAWcode\\laravel\\modul6framework\\vendor\\laravel\\framework\\src\\Illuminate\\Cookie\\Middleware\\EncryptCookies.php(75): Illuminate\\Pipeline\\Pipeline->Illuminate\\Pipeline\\{closure}(Object(Illuminate\\Http\\Request))
#31 E:\\ITTS\\Semester 3\\PAW\\PAWcode\\laravel\\modul6framework\\vendor\\laravel\\framework\\src\\Illuminate\\Pipeline\\Pipeline.php(183): Illuminate\\Cookie\\Middleware\\EncryptCookies->handle(Object(Illuminate\\Http\\Request), Object(Closure))
#32 E:\\ITTS\\Semester 3\\PAW\\PAWcode\\laravel\\modul6framework\\vendor\\laravel\\framework\\src\\Illuminate\\Pipeline\\Pipeline.php(119): Illuminate\\Pipeline\\Pipeline->Illuminate\\Pipeline\\{closure}(Object(Illuminate\\Http\\Request))
#33 E:\\ITTS\\Semester 3\\PAW\\PAWcode\\laravel\\modul6framework\\vendor\\laravel\\framework\\src\\Illuminate\\Routing\\Router.php(807): Illuminate\\Pipeline\\Pipeline->then(Object(Closure))
#34 E:\\ITTS\\Semester 3\\PAW\\PAWcode\\laravel\\modul6framework\\vendor\\laravel\\framework\\src\\Illuminate\\Routing\\Router.php(786): Illuminate\\Routing\\Router->runRouteWithinStack(Object(Illuminate\\Routing\\Route), Object(Illuminate\\Http\\Request))
#35 E:\\ITTS\\Semester 3\\PAW\\PAWcode\\laravel\\modul6framework\\vendor\\laravel\\framework\\src\\Illuminate\\Routing\\Router.php(750): Illuminate\\Routing\\Router->runRoute(Object(Illuminate\\Http\\Request), Object(Illuminate\\Routing\\Route))
#36 E:\\ITTS\\Semester 3\\PAW\\PAWcode\\laravel\\modul6framework\\vendor\\laravel\\framework\\src\\Illuminate\\Routing\\Router.php(739): Illuminate\\Routing\\Router->dispatchToRoute(Object(Illuminate\\Http\\Request))
#37 E:\\ITTS\\Semester 3\\PAW\\PAWcode\\laravel\\modul6framework\\vendor\\laravel\\framework\\src\\Illuminate\\Foundation\\Http\\Kernel.php(201): Illuminate\\Routing\\Router->dispatch(Object(Illuminate\\Http\\Request))
#38 E:\\ITTS\\Semester 3\\PAW\\PAWcode\\laravel\\modul6framework\\vendor\\laravel\\framework\\src\\Illuminate\\Pipeline\\Pipeline.php(144): Illuminate\\Foundation\\Http\\Kernel->Illuminate\\Foundation\\Http\\{closure}(Object(Illuminate\\Http\\Request))
#39 E:\\ITTS\\Semester 3\\PAW\\PAWcode\\laravel\\modul6framework\\vendor\\laravel\\framework\\src\\Illuminate\\Foundation\\Http\\Middleware\\TransformsRequest.php(21): Illuminate\\Pipeline\\Pipeline->Illuminate\\Pipeline\\{closure}(Object(Illuminate\\Http\\Request))
#40 E:\\ITTS\\Semester 3\\PAW\\PAWcode\\laravel\\modul6framework\\vendor\\laravel\\framework\\src\\Illuminate\\Foundation\\Http\\Middleware\\ConvertEmptyStringsToNull.php(31): Illuminate\\Foundation\\Http\\Middleware\\TransformsRequest->handle(Object(Illuminate\\Http\\Request), Object(Closure))
#41 E:\\ITTS\\Semester 3\\PAW\\PAWcode\\laravel\\modul6framework\\vendor\\laravel\\framework\\src\\Illuminate\\Pipeline\\Pipeline.php(183): Illuminate\\Foundation\\Http\\Middleware\\ConvertEmptyStringsToNull->handle(Object(Illuminate\\Http\\Request), Object(Closure))
#42 E:\\ITTS\\Semester 3\\PAW\\PAWcode\\laravel\\modul6framework\\vendor\\laravel\\framework\\src\\Illuminate\\Foundation\\Http\\Middleware\\TransformsRequest.php(21): Illuminate\\Pipeline\\Pipeline->Illuminate\\Pipeline\\{closure}(Object(Illuminate\\Http\\Request))
#43 E:\\ITTS\\Semester 3\\PAW\\PAWcode\\laravel\\modul6framework\\vendor\\laravel\\framework\\src\\Illuminate\\Foundation\\Http\\Middleware\\TrimStrings.php(51): Illuminate\\Foundation\\Http\\Middleware\\TransformsRequest->handle(Object(Illuminate\\Http\\Request), Object(Closure))
#44 E:\\ITTS\\Semester 3\\PAW\\PAWcode\\laravel\\modul6framework\\vendor\\laravel\\framework\\src\\Illuminate\\Pipeline\\Pipeline.php(183): Illuminate\\Foundation\\Http\\Middleware\\TrimStrings->handle(Object(Illuminate\\Http\\Request), Object(Closure))
#45 E:\\ITTS\\Semester 3\\PAW\\PAWcode\\laravel\\modul6framework\\vendor\\laravel\\framework\\src\\Illuminate\\Http\\Middleware\\ValidatePostSize.php(27): Illuminate\\Pipeline\\Pipeline->Illuminate\\Pipeline\\{closure}(Object(Illuminate\\Http\\Request))
#46 E:\\ITTS\\Semester 3\\PAW\\PAWcode\\laravel\\modul6framework\\vendor\\laravel\\framework\\src\\Illuminate\\Pipeline\\Pipeline.php(183): Illuminate\\Http\\Middleware\\ValidatePostSize->handle(Object(Illuminate\\Http\\Request), Object(Closure))
#47 E:\\ITTS\\Semester 3\\PAW\\PAWcode\\laravel\\modul6framework\\vendor\\laravel\\framework\\src\\Illuminate\\Foundation\\Http\\Middleware\\PreventRequestsDuringMaintenance.php(110): Illuminate\\Pipeline\\Pipeline->Illuminate\\Pipeline\\{closure}(Object(Illuminate\\Http\\Request))
#48 E:\\ITTS\\Semester 3\\PAW\\PAWcode\\laravel\\modul6framework\\vendor\\laravel\\framework\\src\\Illuminate\\Pipeline\\Pipeline.php(183): Illuminate\\Foundation\\Http\\Middleware\\PreventRequestsDuringMaintenance->handle(Object(Illuminate\\Http\\Request), Object(Closure))
#49 E:\\ITTS\\Semester 3\\PAW\\PAWcode\\laravel\\modul6framework\\vendor\\laravel\\framework\\src\\Illuminate\\Http\\Middleware\\HandleCors.php(49): Illuminate\\Pipeline\\Pipeline->Illuminate\\Pipeline\\{closure}(Object(Illuminate\\Http\\Request))
#50 E:\\ITTS\\Semester 3\\PAW\\PAWcode\\laravel\\modul6framework\\vendor\\laravel\\framework\\src\\Illuminate\\Pipeline\\Pipeline.php(183): Illuminate\\Http\\Middleware\\HandleCors->handle(Object(Illuminate\\Http\\Request), Object(Closure))
#51 E:\\ITTS\\Semester 3\\PAW\\PAWcode\\laravel\\modul6framework\\vendor\\laravel\\framework\\src\\Illuminate\\Http\\Middleware\\TrustProxies.php(58): Illuminate\\Pipeline\\Pipeline->Illuminate\\Pipeline\\{closure}(Object(Illuminate\\Http\\Request))
#52 E:\\ITTS\\Semester 3\\PAW\\PAWcode\\laravel\\modul6framework\\vendor\\laravel\\framework\\src\\Illuminate\\Pipeline\\Pipeline.php(183): Illuminate\\Http\\Middleware\\TrustProxies->handle(Object(Illuminate\\Http\\Request), Object(Closure))
#53 E:\\ITTS\\Semester 3\\PAW\\PAWcode\\laravel\\modul6framework\\vendor\\laravel\\framework\\src\\Illuminate\\Foundation\\Http\\Middleware\\InvokeDeferredCallbacks.php(22): Illuminate\\Pipeline\\Pipeline->Illuminate\\Pipeline\\{closure}(Object(Illuminate\\Http\\Request))
#54 E:\\ITTS\\Semester 3\\PAW\\PAWcode\\laravel\\modul6framework\\vendor\\laravel\\framework\\src\\Illuminate\\Pipeline\\Pipeline.php(183): Illuminate\\Foundation\\Http\\Middleware\\InvokeDeferredCallbacks->handle(Object(Illuminate\\Http\\Request), Object(Closure))
#55 E:\\ITTS\\Semester 3\\PAW\\PAWcode\\laravel\\modul6framework\\vendor\\laravel\\framework\\src\\Illuminate\\Pipeline\\Pipeline.php(119): Illuminate\\Pipeline\\Pipeline->Illuminate\\Pipeline\\{closure}(Object(Illuminate\\Http\\Request))
#56 E:\\ITTS\\Semester 3\\PAW\\PAWcode\\laravel\\modul6framework\\vendor\\laravel\\framework\\src\\Illuminate\\Foundation\\Http\\Kernel.php(176): Illuminate\\Pipeline\\Pipeline->then(Object(Closure))
#57 E:\\ITTS\\Semester 3\\PAW\\PAWcode\\laravel\\modul6framework\\vendor\\laravel\\framework\\src\\Illuminate\\Foundation\\Http\\Kernel.php(145): Illuminate\\Foundation\\Http\\Kernel->sendRequestThroughRouter(Object(Illuminate\\Http\\Request))
#58 E:\\ITTS\\Semester 3\\PAW\\PAWcode\\laravel\\modul6framework\\vendor\\laravel\\framework\\src\\Illuminate\\Foundation\\Application.php(1190): Illuminate\\Foundation\\Http\\Kernel->handle(Object(Illuminate\\Http\\Request))
#59 E:\\ITTS\\Semester 3\\PAW\\PAWcode\\laravel\\modul6framework\\public\\index.php(17): Illuminate\\Foundation\\Application->handleRequest(Object(Illuminate\\Http\\Request))
#60 E:\\ITTS\\Semester 3\\PAW\\PAWcode\\laravel\\modul6framework\\vendor\\laravel\\framework\\src\\Illuminate\\Foundation\\resources\\server.php(23): require_once('E:\\\\ITTS\\\\Semeste...')
#61 {main}
"} 
